filename,ASM,Contrast,Correlation,Homogeneity,Dissimilarity,Entropy,MaxProbability,Variance,SumVariance,SumEntropy,DifferenceVariance,DifferenceEntropy,IMCorr1,IMCorr2
1.jpg,0.01398046309452616,2.9059960179209625,0.9760912421358878,0.595088570668193,1.1070816401681691,4.937117300355461,0.052695490210515415,60.77800568006623,240.206026702344,3.9343956127762003,1.6614151995064081,1.4135929251553154,-0.49410790485411066,0.9798205543165817
1_aug1.jpg,0.009896112883344254,5.776674134926562,0.9481563071612272,0.5133823611776147,1.5474283402681461,5.268754296358448,0.04522916740756547,55.71130148685093,217.06853181247715,3.9098948159857745,3.374165712453708,1.6508609129689633,-0.37956588234658317,0.9564870832785216
1_aug2.jpg,0.0168095101568859,1.8769167360572738,0.984665437276528,0.6471450407524006,0.8827359110301298,4.7282453059470395,0.05773600430797653,61.20199124200429,242.93104823195992,3.902340376951495,1.0805985965500609,1.2482790489820539,-0.5474976545642098,0.9853839943547189
2.jpg,0.0391991833428063,1.0470667174459432,0.9327445047712871,0.729576851625309,0.6104022068985914,3.6599441124489633,0.08096932708448906,7.783296730240121,30.086120203514536,3.051451930635562,0.6702320987131343,0.9883737896906204,-0.47454951917160854,0.9466746415749873
2_aug1.jpg,0.0460696209849592,2.035261462646138,0.8840522116947661,0.7687861308754186,0.540814894597736,3.5089340753895937,0.09827345736103124,8.952658764747401,31.684541062881536,3.025229744877585,1.7361624758615495,0.8861615851519039,-0.5268243318666777,0.9577824385420323
2_aug2.jpg,0.044356013774926754,5.128637522554687,0.9803138494598543,0.7756126516018101,0.6387303800032829,3.578826187098613,0.0838182741798638,130.4633230398059,83.64128074322633,2.893287361608798,4.7152509453875044,0.9252751568532804,-0.5609036718267291,0.9683474825074954
3.jpg,0.007032344598796575,4.48786345880687,0.9737436365076806,0.51095778860038,1.394497049135586,5.3263703270318965,0.01647199027875716,85.52175887045155,337.59917202299937,4.036308154057357,2.5179535203901935,1.518409137648321,-0.41737367652299645,0.9687581022431
3_aug1.jpg,0.005037077071302435,52.051954022641695,0.772759658515485,0.44701221511192357,3.7912413092951907,5.819260656870827,0.0164290576115552,114.53169454737089,406.07482416684184,4.231945219205873,37.67248934554681,2.0852252060446603,-0.36316644290610156,0.9611894398393365
3_aug2.jpg,0.009750641737294044,2.353876876301474,0.980445569639381,0.5816576159220749,1.0510204686784266,4.955141432457539,0.02188370327340168,60.238432913808666,238.59985477893315,3.9179996234571512,1.2291823633534316,1.303367530376609,-0.4716289625592208,0.9755443009862241
4.jpg,0.005582175016342096,6.3977688095131535,0.9640140017396017,0.4251860323254057,1.825691360895862,5.5159696191648315,0.01408682207218727,89.0288890506895,349.71778739324486,4.03541017616105,3.0318973926108477,1.73967188032661,-0.3661314954892097,0.9563292927259903
4_aug1.jpg,0.007665944887849467,4.09984903622466,0.9779482999287357,0.4925765219364949,1.4421740611498834,5.242751640003392,0.020465104685942172,93.13823363547692,368.453085505683,4.00616965734509,1.9780641719427683,1.5441173592094832,-0.4289701293200789,0.9702037470100707
4_aug2.jpg,0.007694525865332616,4.306212457962507,0.9757214238575382,0.48688502645033194,1.4758810224434384,5.23519119272215,0.023561907532436532,88.88740487416695,351.2434070387053,3.9808956985503814,2.0798756884822853,1.5624892196044062,-0.42028018599440287,0.9676806053159613
5.jpg,0.00789597612576376,3.5971249322357597,0.9804912149907807,0.5669968317585697,1.17102714098694,5.258280653308714,0.02842849049242687,92.20143381835088,365.20861034116774,4.170730665134117,2.1967733656407473,1.4066553476961698,-0.4943146524490763,0.9835202110262546
5_aug1.jpg,0.007709383341701227,3.647732461632272,0.980648729796082,0.5635394742051509,1.1828059309645835,5.28060909724718,0.028942408695178456,94.26048893094254,373.39422326213787,4.184488503928053,2.2190438939234465,1.412439594509038,-0.49367989746059904,0.9836655302246556
5_aug2.jpg,0.00838525582260133,5.673507777249274,0.9723597741632113,0.6064816221839544,1.1227314519660092,5.188196615789678,0.039460708771775065,102.75091204005273,317.68520638731076,4.053219305303623,4.377042995619281,1.3452109073908791,-0.5307420186006957,0.9876892940180172
6.jpg,0.012102667035846004,3.1474468269651825,0.9792115270405831,0.562069346330278,1.174382204170082,4.978917581105488,0.032778378788048915,75.66946947333916,299.53043106639143,3.872761618487993,1.7569335413452003,1.4068188098495937,-0.4410654713501588,0.9692899302634607
6_aug1.jpg,0.0077284298745530985,9.039287220843672,0.9520499744993722,0.46096544017221686,1.8871680523898813,5.50603280401578,0.021039564690163146,94.24396508651927,367.9365731252334,3.959050038112405,5.4712500047058,1.7909647386852334,-0.33300375529681114,0.9427306652595668
6_aug2.jpg,0.015446066814217113,2.135580014056784,0.9852474045176431,0.629194980249933,0.93056417185112,4.747934762003045,0.044787375812236005,72.33950797375769,287.22245188097395,3.8615922493708856,1.2504288151771363,1.2457295260429286,-0.5074927100317008,0.9793969650625134
7.jpg,0.008333763194094797,3.158769346269346,0.9855932180918084,0.5460765715598896,1.2268825754585249,5.252213003230892,0.027687849839748577,109.80673329614243,436.0681638383004,4.109035878262533,1.6194602238127156,1.4362699103587988,-0.4722471904848561,0.9797277280563206
7_aug1.jpg,0.010161233592950972,1.8834665577975298,0.9921166961314017,0.6092599186901145,0.9533728804469709,5.036365739383919,0.034523138955465445,119.6360732197532,476.6608263212152,4.130548996639964,0.9547592990784459,1.248961079862931,-0.5433605934489797,0.9879293641600025
7_aug2.jpg,0.007670853901542332,3.2853398853398854,0.985491891489381,0.5350986371484479,1.2653716166374394,5.311280220119609,0.027165261658932547,113.39842248804555,450.3083500668423,4.136099773534172,1.6492860346565716,1.4559405174946913,-0.46689612328286284,0.9795039193557694
8.jpg,0.012171894975281053,2.3818945228925967,0.9587755295568059,0.5573996391571829,1.116296839660126,4.726531997189241,0.036739046549300075,28.99818093871816,113.61082923198003,3.652375749466309,1.1042210069058107,1.3309228893968723,-0.41783906051469627,0.9561132900854185
8_aug1.jpg,0.014030583969300944,1.652914991660055,0.9733609014421354,0.6026922908224046,0.9330279908932827,4.577337009270209,0.0426153446118343,31.136110378432804,122.89152652207117,3.67296967634249,0.7585538807121173,1.1842622190756267,-0.4757065912113393,0.9695680063326753
8_aug2.jpg,0.009196034938656734,15.479006586588422,0.7742108313994063,0.47815689824601354,2.068972927746195,5.087598130761377,0.02694393185708173,34.29994888223571,121.72078894235442,3.697809629712355,11.182053391232408,1.6984969319347978,-0.34646465206534216,0.9376719977414187
9.jpg,0.008527534966238225,3.519684152872444,0.9631202102882407,0.5307597232196772,1.2888419694642177,5.135134099628704,0.026058058960852025,47.73366633529869,187.41498118832232,3.903637979333184,1.8439697454453854,1.46847963741354,-0.41199005978734765,0.9640263424223388
9_aug1.jpg,0.010336573226361008,2.1266889578174517,0.9768561693889133,0.5914195009229788,1.011380749017299,4.899308860515411,0.02769792550520355,45.98096314534263,181.79716362355308,3.8897310560926837,1.0870912288714842,1.2778646695653317,-0.4757787039114546,0.9756390025333931
9_aug2.jpg,0.009523286505320243,3.2889372047875076,0.9595821557143708,0.5404330743673097,1.2445682791341846,5.025794591408729,0.02837264207998936,40.698754109790094,159.5060792343729,3.825397850872204,1.7265831283482476,1.4427877479867701,-0.407601352341815,0.960526484903185
10.jpg,0.024255849776104305,0.8687801554487176,0.9861209041507525,0.7373488040437252,0.5776550633200421,4.20812486230125,0.051795689249804815,31.297400168651002,124.32082051915529,3.6465055802360604,0.5281971332330977,0.9480414886321391,-0.588205747411737,0.9845550811957834
10_aug1.jpg,0.0264265808146412,3.630147493405303,0.9645633382272891,0.7692045155975153,0.5766598538676627,4.141256165578193,0.054136139324062534,51.60030077996552,129.63681127802994,3.6182866075434834,3.282390034391865,0.8911808178710152,-0.6285275227540369,0.9884030615809847
10_aug2.jpg,0.021237836802357003,4.806792796626063,0.9744233592343465,0.7190947843915151,0.749457320589642,4.372632238567566,0.045027446057332554,94.1657370410848,149.45959059033734,3.6008095226329564,4.235638712820377,1.051227214554752,-0.5714842163297441,0.9845504383310729
11.jpg,0.022362331344512563,2.8617155797418956,0.9660057555413822,0.575986142820454,1.1380503268661164,4.649618582834296,0.09199611791717055,42.08744735756997,165.488073850538,3.624760729448872,1.5550594670281066,1.4060505149831015,-0.43014909841226884,0.9596125784283153
11_aug1.jpg,0.029753094349504346,1.7472439993077211,0.9790815687873728,0.6561975272580555,0.8509835894457249,4.346125543310313,0.10739673463120225,41.7534206370597,165.26643854893106,3.5772910632062076,1.0104161206382836,1.2214579776758734,-0.5157084530831213,0.9748601478387922
11_aug2.jpg,0.028121231193199647,1.8783512534326245,0.9774010190903397,0.6375555232884067,0.901926714213764,4.434878043481067,0.11498220731253972,41.550345040616925,164.3230289090351,3.6059367952344186,1.0504303460880988,1.2515392207578797,-0.494853279164047,0.9719789044575129
12.jpg,0.01259323172944164,2.8384067524349654,0.9870077411004712,0.6374366537281078,0.9769624462022581,4.934675045439347,0.048558225331344455,109.29290520739228,434.3332140771342,4.028556986866148,1.8611625828329,1.2902458526079126,-0.5279366078347242,0.9849067032575786
12_aug1.jpg,0.014538931263472069,2.1970078275743115,0.9889326322717399,0.6629851484690495,0.8725311704128546,4.782081343558836,0.04677230258856965,99.31263408922959,395.0535285293441,3.957729647032978,1.4159652705172006,1.2241795887484574,-0.5450128488525043,0.98555458658474
12_aug2.jpg,0.014546880493220171,2.373221043235731,0.9882284022805393,0.6592614791231227,0.8960061080140364,4.785344919191996,0.048181810818081885,100.83550199693917,400.968786944521,3.950807048846486,1.54277315633677,1.2383058598916126,-0.5410189287232712,0.9849092253995245
13.jpg,0.011359191800920019,4.000955374020981,0.9211843473837793,0.5154799982955864,1.3563388403943215,4.908853259064604,0.030331286404218595,25.380836999010835,97.52239262202235,3.634190605308821,2.150607768394887,1.5085431853700577,-0.3431821501090098,0.9315767980703449
13_aug1.jpg,0.02455624301862013,8.602155535469688,0.9794193955335277,0.6139791299777952,1.1896386197911524,4.595736584078607,0.12123236941676836,209.21591761867873,195.300455704932,3.3300940598270494,7.169115067819539,1.380296140426256,-0.4624613538178204,0.9674189827879985
13_aug2.jpg,0.013089443455884024,8.7495795489451,0.954732648943725,0.5849427144738262,1.2480592831984723,4.803047571452411,0.03792628270933701,97.02354020808005,132.1173393106978,3.6089157621311276,7.161040664905857,1.3965865441573673,-0.4371091017576068,0.9645705354212507
14.jpg,0.0069571130346333995,3.086863794243312,0.9751125071525379,0.5027241552452358,1.3112484511580895,5.303213055820382,0.018593239225769345,62.027933829859194,245.02487152519348,4.0721439876189205,1.343269027195479,1.4371547367830018,-0.43807775542543886,0.9735614015181082
14_aug1.jpg,0.008980998597376397,2.1483573225346664,0.981625058560059,0.5637879612870983,1.072277331428467,5.063314386987156,0.02586946558262808,58.47104055409699,231.73580489385324,4.020559343060368,0.9679815590117702,1.287365689870463,-0.4842323475137601,0.9793239531074566
14_aug2.jpg,0.006426441834619103,54.944408340833945,0.6228354628358479,0.4561249815860014,3.682336349042251,5.551374938175167,0.017847317486051065,72.8381529459216,236.40820344285245,4.08831567193971,41.375334830312305,1.9476724408809405,-0.3951188386735813,0.9666486372745356
15.jpg,0.00928349757723988,5.541631491849648,0.9750793928116778,0.4968813916556758,1.5756969149842697,5.38156272464531,0.02942892864432975,111.14668416899201,439.04510518411837,4.0502472333764485,3.028480344013847,1.6602514888017543,-0.41162639641994564,0.9683232130207562
15_aug1.jpg,0.010414040907475887,4.174355774225912,0.9821414277687976,0.5231776548399847,1.3851745537697093,5.263360346790586,0.036427698994321245,116.8417842397174,463.19278118464376,4.082647675403987,2.207260884656783,1.5446268229459845,-0.4573650047560941,0.9769138628308687
15_aug2.jpg,0.009108377353544972,5.296116995797748,0.9758534347981005,0.48945128437741703,1.5659007335638402,5.370696831799442,0.029359888679020327,109.62947949692136,433.22180099188773,4.053257952195619,2.8117039187844677,1.6395615672767079,-0.4145676723769154,0.9688675848769452
16.jpg,0.012482708495370975,2.1956407612798086,0.9856234930026719,0.6333684916686954,0.904688146936852,4.908892066882881,0.04127396676842287,76.42295852700688,303.49619334674776,4.0110184103583215,1.369184027180867,1.2079131298582213,-0.5260801492587939,0.9846379148300595
16_aug1.jpg,0.018551251810393226,3.4043543939342475,0.9821784360033836,0.7134606759664062,0.7381880974426905,4.608411909116382,0.06628548660059631,95.57743792725783,328.6215922596166,3.827255293888211,2.8500243607975158,1.0667088879026205,-0.6016968714450808,0.9902837601333232
16_aug2.jpg,0.008273827144494773,13.25642465423431,0.9271583102371019,0.5473480683985922,1.8603986956034957,5.395957291827887,0.028678369530167613,91.02340771597915,324.2350356526195,4.039885468907657,9.792951895420815,1.6376364934077978,-0.42360013965063403,0.9720459221445628
17.jpg,0.006256752840247977,4.118151396009298,0.9888606355190928,0.469736538276919,1.5030447074777336,5.582345597477973,0.02143315686990386,185.05091198791686,736.0854965556582,4.239187622218168,1.8189218549975203,1.560199300496415,-0.43848525948251704,0.9773900165695737
17_aug1.jpg,0.007618037094264981,3.880192039959228,0.9906049252951179,0.5426138876872911,1.2086761262075079,5.380723608057702,0.025429723107931353,206.64322440363478,810.3852400173059,4.247500482973525,2.388950449539612,1.3801881903652216,-0.5064438281491269,0.9865197589990268
17_aug2.jpg,0.007955687456935832,2.703706679965565,0.9927824944730618,0.5299628934839683,1.2127173901735533,5.3599170222701735,0.028203454289154807,187.4707754167377,747.179394986985,4.2278469066273265,1.2013892025570423,1.387907878967374,-0.4924825144382275,0.9843333216032853
18.jpg,0.008018568041711594,2.825559860564539,0.9945268417418353,0.5762522920429864,1.137637887174289,5.464141104474461,0.03969816100185018,258.2743740346806,1030.271936278158,4.41519373614093,1.51192645768122,1.416424101905017,-0.5421957123146747,0.9911883625187077
18_aug1.jpg,0.01193638344092004,2.0521743565602346,0.9955959309462218,0.6560423349942293,0.8685135950475994,5.091564583450354,0.039569552772519986,233.17650315202167,929.1579893064543,4.278678978108271,1.2766366842053185,1.238081200415866,-0.597062131775527,0.9931933526624286
18_aug2.jpg,0.008112796692044396,3.047250787813299,0.993254897332845,0.5619705768227283,1.1936601810775311,5.452587362975959,0.03689716962551573,225.99301120557465,900.9247940344854,4.353555724059312,1.6062581911030984,1.451011338449693,-0.5208080699731178,0.9890133437691734
19.jpg,0.007924717444649081,4.509286084474866,0.964619553234227,0.5363833294595232,1.321182613553027,5.28464183104767,0.027107841626197622,63.733179938721946,250.42343367041295,4.072857014419915,2.7386295307641086,1.4959320871759278,-0.4434735693875465,0.9745036137516241
19_aug1.jpg,0.013301636178334441,9.950764310389639,0.9620401189417507,0.5258396315978772,1.6182252049603894,5.389203861494679,0.09465894176791895,131.1611706225337,266.6919712216807,3.816322816439906,7.314734110021919,1.665771313464204,-0.4333699232953174,0.9740891041960088
19_aug2.jpg,0.014993146975643187,8.81218097767613,0.9634541540211526,0.5752754696416131,1.3530386134494972,5.1596157569392656,0.09594575587589706,120.70008636979314,240.83326516254002,3.788410882986416,6.954392340706979,1.496607788691701,-0.48397904181397083,0.9808966023066917
20.jpg,0.00807862193847581,4.1103490600712815,0.9624008358494381,0.5052461989035469,1.4190664440911713,5.269784270256887,0.026998805945567587,54.66206103708811,214.53789508828118,3.9766587449466897,2.078805722041783,1.5585747463224253,-0.4028714587984383,0.9637987580014209
20_aug1.jpg,0.006097636321921171,22.112114690880926,0.9059544491851861,0.45472371190557737,2.5931856353236213,5.786202787931689,0.02670575076863724,117.57817949958906,296.5581774857623,4.04074933835304,15.377594720114768,2.0193330153575992,-0.34929004903379585,0.9555584447712349
20_aug2.jpg,0.010919437758401068,3.0907998375616312,0.9744038949305109,0.5917540993699426,1.0687137997534415,5.0104273203987155,0.03790374919280739,60.408730244403216,228.79961697329958,3.978476414749338,1.9308465099302865,1.3438725777314253,-0.4881945359590213,0.9796750000929592
21.jpg,0.012553660246624944,1.5355682003303148,0.9871405643308965,0.666084519811533,0.7947597962550583,4.854884534726417,0.04170250050323364,59.71351618982035,237.3184965589511,4.047250623693202,0.8934260453683027,1.15079767310505,-0.5604214097205867,0.9882683499167095
21_aug1.jpg,0.008069798347385543,9.27581649801241,0.9254568205019562,0.5516011878507093,1.611726744059477,5.3549753233009145,0.02597413844509327,62.21886383713317,239.59963885052025,4.077255383440525,6.675115592371783,1.5825954149222676,-0.4310723771671884,0.9731564770458274
21_aug2.jpg,0.011548770334843,34.839360796489814,0.8826419297296486,0.5470369994910417,2.766186412370463,5.414633488497808,0.07475775663350973,148.45312262188568,269.02257500300766,3.879576635853672,27.184793776169286,1.8358674397923926,-0.4393990107772281,0.9759365696065052
22.jpg,0.005034026550077135,4.124583116415184,0.9772124035168229,0.4825827676632648,1.4685917450343888,5.567892411581655,0.016014499833978745,90.55968066549877,358.11413954558,4.227973021928836,1.9325763917832341,1.5541758393995284,-0.43154523657970373,0.9757219828217545
22_aug1.jpg,0.006679132656219278,2.7229235861335237,0.9859196245416144,0.5437521710918847,1.1830419152852807,5.326558995729245,0.019383979876743805,96.73545537708621,384.2188979222113,4.200279915858306,1.288432847686293,1.3843974216568584,-0.4874996278357072,0.9830986007868803
22_aug2.jpg,0.0077684134840882765,2.1139494227728313,0.9882355563414918,0.5818671779082126,1.0313340628695793,5.183841970918745,0.021921819036651892,89.86758195251142,357.3563783872728,4.181862011662023,1.026581184552375,1.2834075850470814,-0.5184207911864841,0.9861795852387945
23.jpg,0.012054745614092553,4.865877192982456,0.9762586871447338,0.5163458228666362,1.476162386642936,5.265083218414013,0.050082295109755065,102.46532388596583,404.9954183508808,4.079455717218415,2.615521132518,1.6075197991564498,-0.4569786010774779,0.976549771622838
23_aug1.jpg,0.01642159539812229,4.671592206309672,0.9818124566109835,0.5194970393112837,1.4618243412050487,5.206454432547824,0.085551865688852,128.40040773574458,508.9300387366686,4.057281891979953,2.4562569276438384,1.6063286271392,-0.4669374537336764,0.9777977017033025
23_aug2.jpg,0.011685213726861824,4.903729256716671,0.9764829319925477,0.5184258032456229,1.4754638952453598,5.283114272891324,0.04575514874141877,104.2479544627967,412.0880885944701,4.090805365762657,2.6528241990686356,1.6143697854324197,-0.4581433999432642,0.9769902646777386
24.jpg,0.0025148188700581608,47.30019161511012,0.8498441732000368,0.31231455227261257,4.167021104696934,6.606160774356759,0.010330885846463203,157.51030394608557,582.7410241692321,4.396145271950985,29.725878793997214,2.467651788128349,-0.22820322364096435,0.9021412776250525
24_aug1.jpg,0.0029278152581520486,27.321402561899067,0.8739861398228495,0.3166158628094336,3.4452645470305576,6.377445680941058,0.01148827231707546,108.49450169481534,406.6566042173623,4.284985478029392,15.217153675500944,2.3150515223197425,-0.23900491600295085,0.9038270220831928
24_aug2.jpg,0.0023968423258965243,48.628449950137885,0.8497275531991881,0.3031558040498342,4.253013542975042,6.645597105510337,0.009800898645483553,161.8080512592919,598.6037550870296,4.411324672639134,30.32454040973414,2.486353779411255,-0.2248070067388056,0.9002125440305333
25.jpg,0.0060526819256004095,3.5836459122999846,0.9908073010529009,0.5190435802477621,1.3432403050790338,5.6175190688192185,0.02802738914791217,195.04613166425622,776.6008807447251,4.430753110855138,1.7392950239757963,1.5120052390006378,-0.5032174872013317,0.9880975547084037
25_aug1.jpg,0.006860247949605101,2.7326638963787477,0.9928695845217441,0.5541769815933535,1.172732911524815,5.480995648261628,0.030505252604120455,191.7620663215493,764.3156013898183,4.415658703028631,1.3239180543848441,1.4046679786099148,-0.5345343975956243,0.9904591193767495
25_aug2.jpg,0.005611399575853367,3.933360309781585,0.9912559782516259,0.5077236136631693,1.4068967807907276,5.721206347788975,0.02836178087175132,225.06592714873315,896.3303482851511,4.495133045660858,1.90809141899909,1.5504351088900403,-0.5012647282696723,0.988662095936561
26.jpg,0.006374597049157786,3.7501992168760987,0.9780681023496002,0.5154567459401009,1.361466380855393,5.412773890497382,0.026999780140308315,85.5380123349824,338.40185012305346,4.168650018820294,1.8587411591773575,1.518491291679744,-0.4499326044712638,0.9774073060303197
26_aug1.jpg,0.008984531617275058,2.128006900835804,0.9881671077907964,0.5997932787632754,1.0029041152430298,5.114267883737753,0.03089421431578684,89.93989499512924,357.6315730796812,4.147414955030079,1.091529753383138,1.2933715554324332,-0.5270782463084104,0.9864856319391464
26_aug2.jpg,0.007932306061297769,3.073107916798097,0.9821290160862195,0.5802117286391898,1.0939182396987237,5.193464844959868,0.025936524082096412,86.04260830589092,334.22237386318045,4.152431657094893,1.8441223677386116,1.3460064427020426,-0.5098234000412865,0.9849791660828122
27.jpg,0.008946171454519147,1.9842111495839865,0.9899215546037947,0.5938623344213623,0.9884122194670462,5.06289759325525,0.024577841402369363,98.45877811775304,391.8509013214282,4.063734931071599,0.994840019199586,1.2555519040607164,-0.5059090654628369,0.983343814149942
27_aug1.jpg,0.010976706026487273,4.924440220838203,0.9784790226987176,0.6456002909750654,0.9140145475799497,4.886353395031502,0.026325450672501666,114.5439558746395,447.7952456527486,4.0416218662206,4.066895979468555,1.15869353385544,-0.5543427441701156,0.9877933648593984
27_aug2.jpg,0.00944984738004203,1.9019893126560756,0.9885981280738176,0.5985511915976368,0.969285747327657,4.989019508417584,0.02298869202475294,83.42280948496713,331.7892486272125,4.003400729345237,0.9511045671882405,1.2405545687405732,-0.5011362718884623,0.9817293871218306
28.jpg,0.011940461190934653,1.5528111414975103,0.9774362270918334,0.6180067453050889,0.8900530747570237,4.7449493626827985,0.024710630807725956,34.41143972642128,136.0929477641876,3.8406739081941037,0.7487230371584164,1.1706694786360454,-0.4969704530179458,0.9775839548057902
28_aug1.jpg,0.009752816885886525,3.314972491572794,0.9526623343981606,0.5595433553005792,1.1932972574220835,5.020392577504612,0.021212472695412446,35.01496297788559,136.74487941996955,3.8445463863958964,1.883820312189543,1.4049623464742114,-0.41557907033585323,0.9630666339294751
28_aug2.jpg,0.026437514228642336,4.874580337033866,0.9823762275413555,0.7210005408372459,0.7611915735069792,4.313089287574252,0.11430832343444325,138.4206077457069,548.8078506457938,3.6814487809755554,4.286047437535854,1.0363725444790246,-0.5887045254332732,0.9859563317581801
29.jpg,0.008897642112785958,5.522023197317049,0.8822472411179763,0.4334288563068506,1.7148186896152537,5.079316305453686,0.021881453052339128,23.44902652587289,88.27408290617451,3.5684246080487965,2.572710370093242,1.6741528557079712,-0.2635765058574786,0.8859958723324828
29_aug1.jpg,0.008429510948867399,5.635132349067281,0.890764522320567,0.45316458005849436,1.6825352224542152,5.1386242480865985,0.020927680416567642,25.792205402680935,97.53368926165645,3.633897478416728,2.7914210336342444,1.6765059351088498,-0.2793120505311055,0.8999545382388455
29_aug2.jpg,0.008933301276255981,5.797140085773562,0.8991195485624425,0.46724075988895486,1.6583948272755191,5.145567640467318,0.022164792626000365,28.729408643482323,109.12049448815573,3.6683462997754743,3.036601833362437,1.6677018528767775,-0.2989201041459272,0.9136705714727826
30.jpg,0.00506179771089327,5.380435397061692,0.9625867178471412,0.4682945923705145,1.5864260038027982,5.598908000407586,0.011191869337800545,71.89809922220704,282.2119614917665,4.164114200688017,2.8243063095333194,1.61679064683217,-0.39394654039920385,0.9664558665914125
30_aug1.jpg,0.013472553970931703,7.609105181776119,0.977346213163435,0.5527673044490921,1.3728407451472506,5.298097410135693,0.09367107572381601,168.0872053496568,310.79812444796175,3.8754627507065114,5.694881796316544,1.510051610132496,-0.4783092773609068,0.9814985468268724
30_aug2.jpg,0.004416616137623678,9.661515365458438,0.9370058679622285,0.4495525163951837,1.9749563440415867,5.800158510709119,0.009787654629776186,76.68261963322954,297.06896316745974,4.180082886046076,5.736891167688627,1.8086245801795564,-0.3489094759081379,0.955118325816214
31.jpg,0.010637939129781768,3.573610064965634,0.9655015455895108,0.5016877277847607,1.3712615159218586,4.9689655990337025,0.030170538355972873,51.76301927319578,203.4784670278175,3.7626830095338533,1.6451766651697226,1.494229475153369,-0.3978292444456732,0.9552748229130871
31_aug1.jpg,0.00892653053316465,11.163976170708114,0.8903741289931846,0.44523211896300474,1.9986549303409766,5.204599881892002,0.027190004507935964,50.906433517242206,192.46175789826071,3.7945715599153202,7.144069376597063,1.7784230482658892,-0.3433735575552304,0.9396136676938749
31_aug2.jpg,0.010779362704292268,3.354161782633158,0.966075086861879,0.4975534993502285,1.3554648427731932,4.904593991565477,0.03222666715786089,49.44215979026687,194.41447737843433,3.737451281595219,1.4636810986249793,1.4581079539441049,-0.40577013766753245,0.9562027286959291
32.jpg,0.007572579296133862,3.5180217497239843,0.9869392914607731,0.549352026225695,1.264423184321327,5.446871679664892,0.03349499569528507,134.68829612552324,535.2351627523689,4.3037711591813,1.895957392295459,1.4940855728420495,-0.4993151696751384,0.9862812603274165
32_aug1.jpg,0.007301362851351667,3.739686350579282,0.9861217978089171,0.5391141414676041,1.3106171385325824,5.481854436566783,0.03239595320305409,134.74059479091045,535.2226928130624,4.305963274284391,1.9987820176410405,1.5209942926989772,-0.4902816760312253,0.9853813546230268
32_aug2.jpg,0.011742962096270619,2.1394672441480926,0.9926201669623449,0.6190264892051994,0.970597564351166,5.1652636158101535,0.0558870705530424,144.9414126405378,577.6261833180031,4.253808912693033,1.1764946211745848,1.3048743534217988,-0.562330299629466,0.9909079748618087
33.jpg,0.009404636989102709,2.5884188307545815,0.9836823263707496,0.550146638598793,1.1548435224217461,5.189513462118252,0.037596675712609336,79.31690323846331,314.67919412309857,4.065629298358011,1.2384866444768887,1.3728215521615843,-0.470001446161833,0.9787852959478726
33_aug1.jpg,0.010409985245374918,1.9732077838961897,0.9891054005319226,0.5916421514588561,0.9960920554217656,5.110427577789434,0.04442614383737572,90.55940505186786,360.26441242357527,4.120341675670244,0.9634299845058933,1.2636044818765464,-0.5155403809123308,0.9851582114467545
33_aug2.jpg,0.012843646212652857,1.5812487573274794,0.9885233984060143,0.6243972170027274,0.8825525954762555,4.876599284983234,0.04688063006212913,68.89345936012556,273.99258868317474,3.988754153615901,0.788063588123318,1.1790845611867176,-0.5280255820152335,0.9843847442082682
34.jpg,0.0061576776110390165,14.02769574494403,0.929968342019373,0.37348627653541283,2.5383385387676007,5.552096437799194,0.020478358793576186,100.41450087133501,387.6303077403961,4.0178927682301335,7.410965366797966,2.0261447115366593,-0.35421045128328554,0.9519655551387962
34_aug1.jpg,0.00526085791908998,53.055299956973386,0.7489372440987745,0.33874649962337994,4.4513476550494815,5.807475074694174,0.02029217120495011,105.68084894514284,369.668095823598,4.094422713940403,33.09319429473084,2.468262749281693,-0.31667466172718145,0.9410266013324464
34_aug2.jpg,0.005330954777588333,24.144444063561714,0.8842671980039258,0.3417962210157113,3.300425699935504,5.726118785961924,0.021211042044375378,104.35769959152695,393.28635430254604,4.080449458145736,13.132477502920086,2.2585950250496416,-0.3319402310396339,0.9468281125839293
35.jpg,0.004632387116986952,3.653454733314426,0.9846438284681357,0.5049499111863043,1.3725193732683252,5.688692432524581,0.010519558718254123,118.97551738718121,472.2486148154104,4.4000439101192494,1.7476605284636264,1.5126620895121488,-0.4695441686445708,0.9843241180697521
35_aug1.jpg,0.007424748455447635,28.024541923475237,0.9346482030921122,0.45956131012319446,2.695902348766026,5.943771334806218,0.045574491422079096,214.46139474092269,529.9203224663548,4.036089022171264,20.74330251412022,1.9752604818128898,-0.39462041889749366,0.9723902283133371
35_aug2.jpg,0.004632387116986952,3.653454733314426,0.9846438284681357,0.5049499111863043,1.3725193732683252,5.688692432524581,0.010519558718254123,118.97551738718121,472.2486148154104,4.4000439101192494,1.7476605284636264,1.5126620895121488,-0.4695441686445708,0.9843241180697521
36.jpg,0.01191903508340637,3.341586125590669,0.9464530118603305,0.5364685038539794,1.2664712738471047,4.894654518509261,0.03519463634588295,31.19758413268078,121.44875040513247,3.6852342891240006,1.7226728931555273,1.4652661902044968,-0.37316126016652273,0.9447487613715442
36_aug1.jpg,0.014763793880756774,2.0682151076775495,0.966085480963619,0.6015447360305494,0.9883183163959386,4.661499047320562,0.040531131613815746,30.484442180413247,119.86955361397544,3.6762283104006075,1.0706374892641422,1.2748925569509248,-0.44447426026794595,0.9633593423033191
36_aug2.jpg,0.014446685074465287,2.518177740180753,0.961905519695579,0.5970717134771406,1.0153567573336637,4.689781044436495,0.042456710405702994,33.08611374976028,125.71997832326674,3.6869702144175185,1.4711140006233876,1.2910948854000195,-0.4431212502195271,0.9639238111364196
37.jpg,0.007455373307345916,5.3758626258435545,0.9574607225648455,0.5203283196681793,1.4574610484347843,5.412102394645908,0.021039134086758324,63.18835499500645,247.37755735418222,4.081975026211298,3.234990622878367,1.579118069824639,-0.4106180659760933,0.968557083066848
37_aug1.jpg,0.006395339587744735,17.066444425949825,0.873344690513602,0.4553764656980851,2.4299819581873123,5.710513388854616,0.020292198659426802,67.37994439670982,229.98901515052273,4.0102102530889425,11.138882264246387,1.9591650623265977,-0.3211530807551375,0.9409674417030934
37_aug2.jpg,0.009852353553841706,2.8953994757556734,0.9735275106374086,0.5867517425445282,1.1026617830668564,5.098034314332604,0.02448060396545802,54.68798047938078,215.85652244176748,4.014796391520873,1.6596906650941086,1.3728093789501694,-0.4711190115298723,0.9776013775087753
38.jpg,0.006817011367145661,3.771217354563245,0.9745236959145157,0.47908161669020805,1.4448227035521557,5.334343213493479,0.017472106090256775,74.02119499427315,292.31356262252933,3.989821423290966,1.663346789655994,1.5300551130347957,-0.39465544913179357,0.9624366061470766
38_aug1.jpg,0.008446478292800454,3.8440286508704062,0.975068177496959,0.5486735137825418,1.189711337604559,5.131311774106437,0.020870465272341217,77.19180239781677,293.0118433465627,3.979625919389721,2.3977917433101554,1.3656137053386586,-0.45856701904627345,0.975345774235086
38_aug2.jpg,0.006213407746189821,4.233642479096246,0.9729854435699489,0.4599672192890004,1.5395839930617328,5.421517391779154,0.016587402893909742,78.36408717120747,309.2227062057337,4.0178657451888204,1.8418723561841612,1.57903825211866,-0.3829738439799747,0.9603202709841097
39.jpg,0.005563860670127638,10.290244429369737,0.9529632466467836,0.3987409417740209,2.238621794871795,5.695670161574948,0.024504813389144807,109.51525035182908,427.7707569779466,4.1264812357780425,5.178924471282952,1.9416177622293582,-0.35281886790039213,0.9541361410100218
39_aug1.jpg,0.0054577004526387245,10.445564661730577,0.9532562419201023,0.3960451981642553,2.258293586938993,5.709572782669304,0.021643905611296914,111.86264319039286,437.00500809984084,4.12916589240539,5.246239841962101,1.9511414314469102,-0.3517810778740923,0.9540441165849023
39_aug2.jpg,0.005563860670127639,10.290244429369737,0.9529632466467834,0.398740941774021,2.238621794871795,5.695670161574948,0.02450481338914481,109.51525035182908,427.7707569779466,4.1264812357780425,5.178924471282952,1.9416177622293582,-0.3528188679003921,0.9541361410100218
40.jpg,0.013580967625336785,1.5900070088794314,0.9739967366409336,0.6243658561838127,0.8841323737605453,4.640072384288027,0.03233235735682563,30.574972359892094,120.70988243068894,3.7632847276324024,0.7968603184886727,1.1849297186046412,-0.49451109004137395,0.9754690967650151
40_aug1.jpg,0.011429616334973898,1.625824317517603,0.9824928416778096,0.6215374837930816,0.8943087331204435,4.811204457917318,0.0331400928593935,46.43363495559473,184.10871550486132,3.922832134774285,0.8141154165534881,1.1931429560148252,-0.5161392273015432,0.9818528356815963
40_aug2.jpg,0.00918282236113378,19.075205436423104,0.7504813499502139,0.5150111352820751,2.142195331948198,5.154486820173264,0.02230646944429033,38.22398061236511,133.82071701303732,3.8404805614983424,14.4826364360916,1.6848386931517634,-0.3969447281093636,0.9600729656956735
41.jpg,0.010194763590610926,2.9529106363637094,0.986254891636754,0.5746105054406271,1.1459414067121414,5.229050947228344,0.03442781692325254,107.40015203240912,426.64769749327286,4.170401947694314,1.6099909487268431,1.409220588735983,-0.5010788151708663,0.9842150485153247
41_aug1.jpg,0.012957141060792456,6.3741801425198075,0.9782413748546396,0.6326848145665505,1.0300691666806698,4.9958860714993865,0.04209792061799658,146.70513715275058,381.80054180086506,4.015592032392641,5.285649096122945,1.280586351281515,-0.5478800175224002,0.9880176679961824
41_aug2.jpg,0.011973515928254361,6.788871547232338,0.9711447057418576,0.5812652445921684,1.2548257318294183,5.149055182937236,0.0413400906344153,117.78051404903763,464.33318464891823,4.0604974653737855,5.1974729438764875,1.4457880425866532,-0.4782597706637642,0.9798209015177965
42.jpg,0.01040817705060259,2.615929044042849,0.9620448761634985,0.5641501450818699,1.1231870693239214,4.854861279771184,0.023725220921901123,34.48378105748579,135.31919518590033,3.7510309697164788,1.334060239573837,1.3538457283366898,-0.42534046283728283,0.9620028233322855
42_aug1.jpg,0.013188361154907811,1.570127118644068,0.9758851796201038,0.6268710480286516,0.8744742894094537,4.611531354162318,0.030435908282038564,32.586167846025916,128.7745442654596,3.7271567904854956,0.7891097236252728,1.1671026759475218,-0.48871998656323534,0.9735361416168545
42_aug2.jpg,0.010078363960227241,2.8600346697007493,0.9585986213869047,0.5519502403806966,1.1768457980610179,4.899769704864945,0.023967676626949375,34.56007894292749,135.38028110200923,3.7509541186301427,1.454878740216619,1.3927861623638058,-0.4116573806404067,0.9587151332621862
43.jpg,0.006625368015825887,8.254157029716849,0.9512971641556859,0.41572549644033013,2.024609440706476,5.496129012349923,0.029900827025511632,84.83747818682018,331.09575571756386,4.058002785902373,4.037862768719409,1.8373418199690643,-0.38206862674850284,0.96050184412514
43_aug1.jpg,0.007508079820418574,5.799715384744455,0.9651127527013446,0.46387821227183645,1.6912527475754222,5.368749871276195,0.028742050907748583,83.2246043434829,327.09870198918713,4.0648280586334575,2.828875430937957,1.6849982817212301,-0.419752295873302,0.969117608471415
43_aug2.jpg,0.0059773219747985325,26.656386988691892,0.8302653480168953,0.3914533391450921,3.0132265345060265,5.610761871011767,0.022687770487226023,78.52302640169265,285.77517363250206,4.033071580285117,17.51722755818927,2.1135621058687164,-0.36108785072956495,0.9559757560100515
44.jpg,0.04523301463768388,1.0503772542497511,0.9400524628663971,0.7085063292085965,0.6527461464281239,3.6411025728618096,0.10967025147538871,8.758081245843643,33.981947729124826,3.002445264113648,0.6179376073770001,1.0167947813006895,-0.44672564078946186,0.9353193681368874
44_aug1.jpg,0.03334533140595539,1.6344506929355465,0.9107317139250499,0.654178162791908,0.8274969964284692,3.9330222888089534,0.08714933887990782,9.154511785733586,34.9835964499988,3.0686915155343986,0.9465966704326263,1.171400490325677,-0.37063856409379065,0.9120923225694003
44_aug2.jpg,0.0417053822320472,1.0760907276583447,0.9435027639208797,0.7028096791571891,0.6664683326676045,3.704271134608179,0.09973313589047689,9.520524059330311,37.0060055096629,3.0512219977084314,0.6251008679802412,1.0255018129828584,-0.4503756479295563,0.9390923221462724
45.jpg,0.009516780762237068,2.8391005047992985,0.9940522756476325,0.578941891393161,1.1296354432570888,5.334470676232358,0.039042569840496144,238.7094927703928,951.9988705767719,4.319038265533204,1.531228925700976,1.4032336280053284,-0.537544932180182,0.9897471287311542
45_aug1.jpg,0.009516780762237068,2.8391005047992985,0.9940522756476324,0.578941891393161,1.129635443257089,5.334470676232358,0.039042569840496144,238.70949277039279,951.998870576772,4.319038265533203,1.5312289257009757,1.4032336280053284,-0.5375449321801821,0.9897471287311543
45_aug2.jpg,0.004230691462004002,94.176210752756,0.817132398408761,0.4195572108955309,5.065001409983488,6.149378084562069,0.015821804787948344,257.4984415751001,935.8175555476445,4.489138157900719,68.51282042277849,2.3411969388938436,-0.39738424524908905,0.9757595221401939
46.jpg,0.008525677752634827,2.5992631428971364,0.9806155226559069,0.5434154583654257,1.1655569358902578,5.114739013101433,0.02495642780488455,67.04462167817204,265.579223569791,3.972500818252101,1.227552327731655,1.365042077674472,-0.45050414679913003,0.9737109158859201
46_aug1.jpg,0.010519503167157461,1.7346729144511401,0.9870771188505492,0.6115228062608193,0.9268787516247194,4.928711214519501,0.0322393063925322,67.11056348447131,266.70758102343416,3.9918546475006873,0.8582261254570471,1.2117761479924098,-0.5124087453616513,0.9826069975577836
46_aug2.jpg,0.014784171839912054,1.3472579048799047,0.9876810207796398,0.6465462969293694,0.8094030398258486,4.646260856977893,0.05260219590484079,54.68475668351106,217.39176882916433,3.83064880816997,0.6792939134935186,1.117369923369336,-0.5267025714624258,0.9813235280551034
47.jpg,0.038940537437493594,1.8881143911543186,0.8328328159499641,0.6382099157206987,0.8783530897414745,3.7315061400903744,0.08842765925343057,5.647338031549696,20.70123773504446,2.8606114145039054,1.1113381910622064,1.1854498295987763,-0.3142030019950151,0.865356311466349
47_aug1.jpg,0.04830887421615165,1.3065261987117518,0.865619498888917,0.6865664556573362,0.7219099061402745,3.5062822503835758,0.10655966898936917,4.865072672576558,18.15376449159448,2.7915999155784696,0.7791890469477571,1.0655751782813454,-0.36122205929864715,0.885182710777466
47_aug2.jpg,0.0357078332712275,2.1132091189713695,0.815910024820139,0.6151495843698926,0.9486450079462785,3.8054972061615673,0.0782570575220303,5.739150880737962,20.843394403980476,2.865458761575133,1.2072829005975205,1.2334221672966428,-0.28866835611404085,0.8489286425405889
48.jpg,0.006742483425631145,10.953076835161966,0.9489410526608055,0.3890960081789666,2.341936879571578,5.601723777085392,0.026762506530825497,107.3194449439856,418.3247029407804,4.123893705394863,5.290411038049528,1.9764498197990927,-0.3855729467736168,0.9639341929606022
48_aug1.jpg,0.006740953376523365,10.952015576018809,0.9489364677503799,0.38898988226465103,2.341936879571578,5.601608496179849,0.026762506530825497,107.29963209442522,418.24651280168206,4.123824120131932,5.289349778906371,1.9760149427168994,-0.3856386300990938,0.9639516900348621
48_aug2.jpg,0.006740953376523364,10.952015576018809,0.9489364677503799,0.38898988226465103,2.341936879571578,5.601608496179849,0.026762506530825497,107.29963209442522,418.24651280168206,4.123824120131932,5.289349778906371,1.9760149427168994,-0.3856386300990938,0.9639516900348623
49.jpg,0.0074477335690382035,3.168549611686898,0.9789383212447198,0.5168608406579744,1.295927896035151,5.2646397890798475,0.020329646874437807,75.21658363638248,297.6977849338431,4.073186337871478,1.4719057595248684,1.4600264559065446,-0.4492797829306662,0.9756986398212224
49_aug1.jpg,0.005854690353303185,5.158870074836461,0.972564805936579,0.47731043335233897,1.5700504211008415,5.560671423010502,0.02096491277163546,94.02781312817109,370.9523824378479,4.170971444423388,2.6749918525305816,1.6251258252710985,-0.41003443281559293,0.9708433078997469
49_aug2.jpg,0.0058235807401063764,17.256265129314837,0.8911227704103718,0.46928459459307614,2.320791455309152,5.6203374271258735,0.018227831249039282,79.24443103714422,299.72145901926206,4.131062451021084,11.858968948337642,1.8523914809691395,-0.3870319661854263,0.9653692941572685
50.jpg,0.01690831761348091,2.4867602831521554,0.9522662881779873,0.6190685200995336,0.9812475284402176,4.567245709316797,0.048393661193834404,26.053571487168085,101.7275256655202,3.5983598005022253,1.5075971064259344,1.2739944549741142,-0.4375503492787335,0.9594872104311903
50_aug1.jpg,0.018333459188337765,1.4499907805997991,0.9746860502042534,0.6647759952875132,0.7854084045132202,4.496449644671992,0.05491776174184924,28.640120611769113,113.11049166647663,3.6881850561038876,0.8246962173394197,1.1245370692613652,-0.5069960070715556,0.9757052994672625
50_aug2.jpg,0.020237874409349467,1.3397281121751026,0.9738561337913129,0.6804145372793519,0.7405188324609105,4.35354431588082,0.05938119222318949,25.624415244596957,101.15793286621275,3.603118503404989,0.7783790563102997,1.0853632656240375,-0.5142921902833468,0.9743762999643657
51.jpg,0.008193099667333463,7.558373215838207,0.9590683334238215,0.4674983251771823,1.8466496374701409,5.575985314070796,0.05244182218733382,92.38992497730332,362.00132669337506,4.174985204629815,4.082241770682886,1.8031162622181984,-0.4099332389813737,0.9705650478198848
51_aug1.jpg,0.005784305761410414,12.527760275548015,0.9340265188108149,0.41499507977793154,2.319265291458813,5.865345955607211,0.03466075603724056,94.98014334564297,367.3928131070238,4.202584837068684,7.095849946852987,1.9851018265072868,-0.3446945251122794,0.954913776877629
51_aug2.jpg,0.0048284502466353005,10.212659155461584,0.9578654659420983,0.40758523666570606,2.20975956019515,5.9530985128463705,0.033747019363061626,121.2874421281834,474.937109357272,4.319556027036275,5.2678732374708055,1.940608504835852,-0.36988185427285264,0.9652081969546139
52.jpg,0.009184866796662729,3.8910429617828877,0.9469323942630326,0.5340502760361768,1.300573148452787,5.074924106283515,0.02370530225631613,36.69957872602207,142.90727194230539,3.8395132640208867,2.168050445158782,1.4701787177518475,-0.39727885752559455,0.9573910939313005
52_aug1.jpg,0.005993355788242869,10.066327988604957,0.8921810160090531,0.4643451090840621,1.9966284519992246,5.524649272510143,0.01437579472571071,46.687809668151175,176.6849106839997,3.9486875185884074,6.06892760960543,1.8223996816631487,-0.3191653410897909,0.9360241117395169
52_aug2.jpg,0.011147077134412781,2.284762873912803,0.9689048223655412,0.5915073423004382,1.0293804408694414,4.85736950010762,0.027234928823900398,36.81145692076251,144.96106480913724,3.8311612332469083,1.1904103031461433,1.2930813556054634,-0.4602684286053518,0.970697589065032
53.jpg,0.006467181230583438,4.45601194950106,0.9769377001947228,0.4842132427379806,1.504025127255617,5.450040921733937,0.024734489480405995,96.71776819345826,382.415060824332,4.174728144958432,2.148929605622235,1.5872028471844093,-0.44419260063597954,0.97681653771501
53_aug1.jpg,0.004724968706709585,19.887034116676972,0.9071272622723596,0.4248428283437824,2.6630521198378343,5.85602285638201,0.019836631622345904,107.07440255091934,408.4105760870003,4.241810259445677,12.769552471762111,2.0337243723766814,-0.3740232554428393,0.9651170089378368
53_aug2.jpg,0.006741240524087826,4.3939013547452745,0.9761263329173517,0.4833891126201706,1.5016731898537707,5.4209457050733265,0.025825328298105066,92.1204917816016,364.0880657716611,4.145645454570068,2.096390754609581,1.5846107597595263,-0.4395142457940184,0.9754128162782997
54.jpg,0.006525542182462391,2.156853184898412,0.992312895895785,0.5866473584745528,1.0297752679292085,5.363392325213406,0.019273730144489847,140.42695353025928,559.5509609361387,4.349738143390324,1.0660937224112956,1.29134976011659,-0.5380615661414523,0.9898740810831332
54_aug1.jpg,0.007961400808318914,3.240362668116955,0.9893447167098826,0.6397781356079224,0.8974460528041159,5.194813262533459,0.020790889043091065,152.2108577064086,587.7306925434225,4.3161242981652865,2.4130837443072846,1.1827908136519292,-0.5843614818024895,0.9928299753442906
54_aug2.jpg,0.006078266045532856,2.354844354678508,0.9927520734044482,0.5782381271969605,1.0719669318732845,5.446557408389446,0.016242906490883103,162.61324212794761,648.098124157112,4.403974647382951,1.1723978346761583,1.3278590205062084,-0.5369890916690313,0.9903630117755051
55.jpg,0.009622443334176733,4.0241762141532735,0.9727944071603045,0.5187400410547911,1.3891728209514316,5.20910546687264,0.05189048922995954,73.98289679908002,291.90741098216677,3.98495262354419,2.07627650703043,1.5573097799272233,-0.43324348539728075,0.9711465955800811
55_aug1.jpg,0.009628295351838491,4.024837815108213,0.972789830225647,0.5187690329740688,1.3892282471791226,5.209064293483215,0.05189048922995954,73.9826079957162,291.90559416775653,3.9848569939429797,2.076775190143283,1.5574374419846295,-0.4332322263587524,0.9711429934177943
55_aug2.jpg,0.00917503280663471,3.782844456415396,0.9819270326353535,0.5263896928076154,1.3439591189921751,5.3197031071388245,0.05374884251614974,104.69228067097231,414.98627822747375,4.114243136693445,1.9565220551637739,1.5288232973128446,-0.4579937436841192,0.978203611031756
56.jpg,0.0033704255166556885,11.791990019911216,0.9515881623223006,0.3258943742505418,2.601542099164382,5.947564789464516,0.0121007556469513,122.1862098512375,476.9528493850388,4.312981658834008,4.771581152109065,2.006373252322755,-0.3765230576440732,0.9664169066908989
56_aug1.jpg,0.0028834325380493507,34.08814160994977,0.885948833848409,0.31218856440191417,3.7424098943985307,6.227075100398109,0.012586172554421217,149.42495266849625,563.6116690640351,4.38514253317528,19.920486817298762,2.3618279278322056,-0.34537002990862864,0.9612397787556964
56_aug2.jpg,0.0038055375895043615,9.617157704042716,0.9601021570460104,0.35169938557690505,2.3628954326179725,5.842054308538042,0.014211866328571132,120.91574027531999,474.0458033972372,4.30361354292444,3.761743357925662,1.9126478228841233,-0.39780061280662565,0.9705529474944115
57.jpg,0.008622714923975415,5.4911013633590615,0.9785004856118243,0.4714104913967757,1.6336144929842709,5.459278840383353,0.03705637781491207,127.68287941475626,505.240416295666,4.102528316827375,2.7834942716755,1.667895111855704,-0.4136517752446478,0.9700075165706119
57_aug1.jpg,0.00905154545211342,4.641134540070685,0.9847140159682286,0.496887200748646,1.4983778828498955,5.44107681824989,0.04006866834357521,151.7849611447242,602.4987100388262,4.1887546845307755,2.337991448157087,1.599250257668143,-0.4529407980262506,0.9783942903386749
57_aug2.jpg,0.01096484815947321,5.311809865786054,0.9760817278702449,0.4753822319931784,1.607237042784011,5.324875815512058,0.04469278003235988,111.00468934160504,438.7069475006342,3.976574684682027,2.6935143709000373,1.654406441422114,-0.39763362273565195,0.9632136690551927
58.jpg,0.005171992336507674,8.104838920046955,0.9630284575133431,0.39446369122606806,2.0866302008608324,5.624827215936742,0.01475085322377288,109.69946190817261,430.6930087126434,4.133711566746432,3.6287481751619337,1.8456130354937705,-0.3833840100088244,0.9638043020121039
58_aug1.jpg,0.006950928442311311,6.658218577399612,0.9630522154528751,0.41047807576946915,1.9197479723341795,5.392509682317719,0.024944487983281086,90.29057362268952,354.5040759133585,3.9816940223765434,2.876607914104774,1.7653078373875606,-0.38299517348442125,0.9593795381767306
58_aug2.jpg,0.00688652226521989,5.175824888477328,0.9766296174993437,0.4566856128962119,1.6581826818107306,5.36892390378169,0.022391620714791446,110.7606574876274,437.8668050620322,4.120872365132686,2.2891283934200626,1.6452336982472786,-0.4453824203003522,0.975742209136024
59.jpg,0.010408209627172694,3.6936761596816314,0.9563475223424946,0.5043178450652934,1.3785980184885793,5.0127834298456815,0.030122808108444223,42.31058262312687,165.54865433282586,3.8010719941267244,1.765719602557695,1.5096963655943747,-0.40047365753077646,0.9576344491436564
59_aug1.jpg,0.013251362233696582,2.5415592722718325,0.969918352203506,0.5664303478481512,1.1190903804551149,4.799871266012161,0.0398767465313359,42.24390150454833,166.4340467459215,3.7854991138844762,1.2557077703477975,1.3578754863908913,-0.4581557926199483,0.9696234512952212
59_aug2.jpg,0.012193324281172077,2.8011077662366843,0.9618769169700618,0.5433036638566386,1.1976508002165234,4.818220924202967,0.03354845216574236,36.74109130061131,144.16325743620854,3.738507709121321,1.3327681841617665,1.3965624087356998,-0.4330416212596726,0.9633241307930449
60.jpg,0.00725538044369976,3.201735070764623,0.987568612979977,0.5439662682141809,1.2335796620609107,5.449090989941594,0.027341349319870745,128.8108599586596,512.0417047638737,4.310483319322827,1.6507062127320031,1.4426970870845353,-0.5013783221048556,0.9865010022591262
60_aug1.jpg,0.009291637817119293,1.9732159914548932,0.9924811998840675,0.6140247582257163,0.9542856227581695,5.223221862675871,0.03840603948664696,131.24926359349513,523.0238383825256,4.308435497053616,1.039475776181239,1.264296034676184,-0.5642458240699497,0.9914457271733176
60_aug2.jpg,0.008416392787535676,2.263544834269518,0.9912096562721548,0.5909669687037102,1.0348570606769294,5.293936268104552,0.031847900006994556,128.7948564316112,512.9158808921753,4.313358286506668,1.1675673998660416,1.3183191230304194,-0.5466365883768516,0.9903415079264022
61.jpg,0.0064673814094786865,5.096214083870444,0.9827289161363921,0.5273250562776669,1.386227855109139,5.5686667331946085,0.03511781132149317,147.57179666065795,585.1909725587614,4.330137728073983,3.137128454231884,1.5344352842723015,-0.47646753101794737,0.9839950869813653
61_aug1.jpg,0.004801957699938056,12.511230711422474,0.9564661439114727,0.4595255109201335,2.067418783040095,5.925900837320426,0.022657205318876314,143.70411912679543,561.0545389414974,4.3394476430211215,8.216382880852459,1.8450811187387153,-0.38904261030989495,0.970586456196001
61_aug2.jpg,0.020354522915027595,7.605486532397735,0.9746797698359444,0.5997668634892764,1.2318680536329953,5.194651873447212,0.12644647102424358,150.27188168468848,593.482040206356,4.134421096859709,6.055397377798362,1.4269477434908189,-0.5276926423208083,0.9875132865567876
62.jpg,0.02067464967775832,1.9139149360285823,0.9201631461653187,0.6088850317295005,0.9481457515242755,4.218351050778413,0.04292306078659129,11.987683397150786,46.03681865257457,3.2965342393941968,1.0079580262259613,1.2362984188555255,-0.3966947900497857,0.9352401054527709
62_aug1.jpg,0.025807706773530184,1.1168435273901878,0.9520243801857674,0.6789500517130242,0.7177185321168966,3.981728725686471,0.053539908088538285,11.642499366067497,45.453153936879794,3.2846298193184844,0.5940013808950027,1.0492325446758346,-0.4785482827786153,0.9575360186394436
62_aug2.jpg,0.020434382244007118,1.943879315336413,0.9191406156541597,0.6069788565961969,0.9557012286419141,4.225014203824084,0.04212665192397748,12.021485176971055,46.1420613925478,3.2970905211710875,1.023949965002879,1.2422941322116683,-0.3951255750280357,0.9347779970212267
63.jpg,0.010832710253545038,3.6945026384437014,0.949062005289094,0.4840424078052006,1.4253376909568298,4.942707576074134,0.031205777296596876,36.250770590893865,141.30857972513175,3.675417186641882,1.6201940474829812,1.5129366351400528,-0.3696876663220896,0.9437059059483724
63_aug1.jpg,0.00959346618507561,5.9210006692013915,0.9195357710191043,0.44717671339121273,1.7114415322580643,5.106624680563437,0.03014603082588829,36.782156209886224,141.20762417034354,3.6837257151659477,2.961643310720633,1.6784879045305472,-0.32588214930144693,0.9279182684385257
63_aug2.jpg,0.01546532219940902,2.1413632977000328,0.9704290998859519,0.5673255053511357,1.0667776158082283,4.666249505644585,0.04962827988338192,36.186361302203984,142.60408191111594,3.6662352259093067,0.9699337919453651,1.2875627763740636,-0.4448834068308819,0.9633266805765864
64.jpg,0.006040693783508045,10.002474345670471,0.9784226209702107,0.4380742230201147,2.0620967369998846,5.800138474212441,0.031005707367692842,231.87580509583807,917.5007460376819,4.357596387499529,5.668323437338828,1.8799510848540995,-0.4293278106832522,0.9783503262383684
64_aug1.jpg,0.005609690499335631,10.205096275798455,0.9780205533031727,0.4290965364547924,2.099729044160037,5.828456114409406,0.02595526346131673,232.24224098264958,918.7638676547999,4.360267069113403,5.713055214859152,1.8906175979573447,-0.42336934467179227,0.9774420698617582
64_aug2.jpg,0.0043549956911630005,15.149662988176537,0.9650508401383244,0.3817603350023445,2.5867348655385927,6.041513039581794,0.021406440887078344,216.9141991629279,852.507133663535,4.4074817473090295,8.379618130675242,2.060376720812265,-0.38527683760491405,0.9711665267532237
65.jpg,0.019646496321855004,1.6707718497252426,0.9769860517657306,0.6694615091518474,0.8088188651834691,4.518832838272418,0.06521179794618266,36.29132695626919,143.4945359753515,3.732046009226136,1.0077864760633957,1.1867303475212,-0.5286273360541707,0.9800129745723374
65_aug1.jpg,0.015140636819968863,5.9758268918640205,0.9712441610275782,0.6907819391226188,0.8593763875896279,4.604769282435873,0.039030361682076804,104.16406159042265,173.45743122351004,3.7632506347665613,5.224667599317049,1.1417295265901626,-0.5735823972001838,0.9873515623597776
65_aug2.jpg,0.0196468423038213,1.671199435881006,0.9769799636902151,0.669421307604446,0.8089493890358528,4.5189698167787515,0.0651999181501714,36.29101768316447,143.4928712967769,3.7320257340796035,1.0080135000738766,1.1868431650880122,-0.5285800809606938,0.9800073290653398
66.jpg,0.006098592420873785,3.7550973673120858,0.9780999252483111,0.48305538670038156,1.4273442233903342,5.404210633528096,0.01624690043693304,85.7268784428726,339.1524164041783,4.088420307211392,1.6885044806344207,1.5154134115544302,-0.4171789073178244,0.9699231002090672
66_aug1.jpg,0.007878320761172947,2.4301042058163747,0.9844977118939637,0.5554184321430878,1.1249486219081883,5.1418989140554086,0.018729317995654318,78.39892399223575,311.1655917631266,4.051986939017127,1.131403873725798,1.337998954959406,-0.4759379398703937,0.9787764800589894
66_aug2.jpg,0.005242693373179534,24.65182218903776,0.8635839982539992,0.43970722597191075,2.793806140103208,5.7567328462989344,0.014938766549015048,90.35698593487012,336.77612155044284,4.132986103684209,16.833564216944154,1.9782747359196682,-0.34387873700871596,0.952427043976456
67.jpg,0.00943585672114948,2.115359986772487,0.9914177736381635,0.5876989468865341,1.0247020502645503,5.143518416870307,0.03656732804232804,123.32675708118647,491.1916683379734,4.1946502316127905,1.0298761833253374,1.2891969444205018,-0.5384560688991638,0.9881090635775107
67_aug1.jpg,0.009436651731494895,2.1148611772486774,0.9914201823977273,0.5877123572506799,1.024602447089947,5.14339306691936,0.03656732804232804,123.33226881187484,491.2142140702507,4.194637311402975,1.0295980495586454,1.2890985360213612,-0.538481649643606,0.9881111110283913
67_aug2.jpg,0.007952394411087938,3.939775947971781,0.9821276233216347,0.5389863247946811,1.311157208994709,5.349979884772544,0.0328445987654321,110.25642525872377,437.0859250869232,4.145929541863213,2.1996025772112864,1.491898885883758,-0.4626016418684297,0.9794155709107747
68.jpg,0.008266092670069126,3.7727082463876425,0.9856914389525667,0.5305842737252148,1.2935866551829456,5.334891199657484,0.03558861019537304,131.9167872402215,523.8944407144984,4.1290534328672415,2.0684588211922694,1.4688724439742944,-0.4570533098558618,0.9778891112477817
68_aug1.jpg,0.00999516169749676,2.2480188456534638,0.9916596492201174,0.5986905312411855,1.0025011940890978,5.114214389497876,0.04264134643064507,134.8488682142737,537.1474540114414,4.137704872950997,1.212684475949875,1.2771555200796292,-0.5224136283470967,0.9858769191013635
68_aug2.jpg,0.008130081491908471,3.7450104391744423,0.9855216443930351,0.5287254055792288,1.2919941321469057,5.344842074465893,0.031864846825207675,129.417587993398,513.9253415344174,4.138943979863703,2.046202294708033,1.462262796767862,-0.4582954759417202,0.9782870360903182
69.jpg,0.00472300838563544,5.842762576172046,0.980204885601989,0.4624387870888744,1.6183911288152202,5.709297335746042,0.014663104713645764,147.62839406635075,584.670813689231,4.292961508837389,3.199025824230793,1.6285100781974184,-0.42508792830089126,0.9764219554675153
69_aug1.jpg,0.006557879391394576,3.2365594006199703,0.9892771062445698,0.5450727961474896,1.2112210913086,5.434490512103917,0.024644436294659355,150.97650460756245,600.6694590296297,4.284552951304351,1.7470806201369542,1.4095870432142883,-0.4935298929715545,0.9853367137845895
69_aug2.jpg,0.006056657623479805,3.6515620931145167,0.9874923293887993,0.5259034362959263,1.2920972450016603,5.477778111469185,0.01997664422822146,146.0494742581156,580.5463349393478,4.274584505385371,1.9561442349108655,1.4557220558338833,-0.4780885895710667,0.9834506759218327
70.jpg,0.0048129821629651365,6.318289486238994,0.989140014985139,0.4759618381887336,1.6960292888556436,5.8819507139460745,0.019670942084735188,290.9737672268451,1157.5767794211413,4.490221875165737,3.4052004827869364,1.7198023546754047,-0.4599934514531059,0.9847264896487269
70_aug1.jpg,0.0034892972915822884,13.719624963159445,0.976314528425521,0.4114739297611749,2.3747577340557635,6.218812694888765,0.013436378892043917,289.6542885587581,1144.8975292718728,4.51668768966354,8.054545059517315,1.9953628374878085,-0.38473868065975186,0.9736186297165657
70_aug2.jpg,0.0027417510150458905,59.370737055774,0.906352709298288,0.3649979005555724,4.186682023504684,6.541295889545603,0.010529119211385222,316.99872527461076,1208.624164042669,4.592371993044562,41.822939723323685,2.3689548952106447,-0.33231257774009126,0.9621153452563587
71.jpg,0.009421569230023567,8.460630379740335,0.9726028652640608,0.45481446275118476,1.918849056555323,5.474785299198352,0.03347728525548845,155.01497923544193,611.5992865620274,4.083344504163245,4.706411226400682,1.8168819358789638,-0.3965736703998331,0.9652739790693641
71_aug1.jpg,0.007878134913033201,7.240819706373836,0.9811639485213673,0.45885437563087583,1.8284143988223123,5.554259218210623,0.0286413964010049,192.5813360507265,763.0845244965321,4.174094868653684,3.8420881839451,1.7691093904244752,-0.41512471840827114,0.9718902842369224
71_aug2.jpg,0.009421569230023567,8.460630379740333,0.9726028652640606,0.45481446275118476,1.9188490565553227,5.474785299198353,0.033477285255488445,155.01497923544196,611.5992865620274,4.083344504163244,4.706411226400682,1.8168819358789638,-0.39657367039983304,0.9652739790693642
72.jpg,0.015360271165915713,4.3223344186203505,0.8865458992696291,0.5445968510538415,1.2393207793382994,4.632313352181428,0.03704459868918108,19.06111880962201,71.92214081986768,3.4702922728156427,2.769149511489504,1.419382532352864,-0.3439441098693969,0.9224478323375959
72_aug1.jpg,0.01442906978135591,4.605793624659942,0.8799369012695655,0.5276977360440838,1.3081021008868063,4.689290595518985,0.03467788718425294,19.19289395291359,72.16578218699442,3.4723032472471793,2.8761865095604806,1.4606637817025698,-0.32609288880346865,0.9141964463292513
72_aug2.jpg,0.018683325848629282,23.73810313057486,0.9407463560737771,0.5146646394589429,2.345744717619498,4.901783669146715,0.09439402633703242,200.3868037298804,209.42054579941188,3.269565309930702,18.22898902769103,1.874997016496208,-0.3321367256032528,0.9259520411345574
73.jpg,0.031019101407848772,1.447043169761304,0.9613112859378143,0.6867084998032911,0.749534934872753,4.094648933433001,0.09271657012334869,18.698355731389587,73.34637975579703,3.3640282816572276,0.8803328274784521,1.140875891817128,-0.49131756294090556,0.9642449398242565
73_aug1.jpg,0.025519691795335454,1.7776455929835602,0.9601850448180185,0.6564778515166867,0.8480885988110344,4.281721726686502,0.07352935231652587,22.320396815767037,87.5039416700846,3.459488780038007,1.051862801201896,1.2180827219796442,-0.47132679277587597,0.9632127910564352
73_aug2.jpg,0.036106195441759414,0.8729867458760568,0.9762969164270923,0.7442650506062157,0.568402095955318,3.8897640755596674,0.10214301624207149,18.4104913386038,72.76897860853916,3.3393510754220763,0.54338673725246,0.9644677084471975,-0.5618590560913779,0.9752899071149137
74.jpg,0.008725235831844536,2.884690849084909,0.9820595244039458,0.5391944330304619,1.217583693369337,5.207009293580412,0.037702042704270425,80.42122746395592,318.80021900673876,4.047973565573033,1.382227313379456,1.4258130785606205,-0.45766444522439703,0.9765281945315701
74_aug1.jpg,0.009726146794342076,2.87909201920192,0.9803506760453293,0.5381970642059302,1.218672197219722,5.141423142316804,0.040761726172617266,73.27885343273529,290.2363217117392,3.9862567320158355,1.3732931757778681,1.4238967578698813,-0.4492596718740764,0.9737255678878239
74_aug2.jpg,0.009649915240050561,1.9225297164085702,0.9888310133405986,0.5956247072518177,0.9850439577226207,5.039146814979546,0.03190442297490161,86.09385318648205,342.4528830295196,4.086837608965264,0.9328335742580363,1.2620654027232976,-0.5227424301407814,0.9853598785390698
75.jpg,0.008213498195883876,4.781335923624052,0.9584355414270475,0.46217136439378226,1.5940767466843289,5.255584541536323,0.01996244567223681,57.60124499512253,225.62364405686603,3.820766790382104,2.2187830435592524,1.6344004167410695,-0.33520077681212135,0.9368898023716588
75_aug1.jpg,0.013629722964403172,3.7462881498971736,0.9693714227592336,0.5596919969672096,1.188921987951922,4.778199650799316,0.042600829253227224,61.33783451151479,110.11828727144366,3.513791183237297,2.3082422013550867,1.404522099466647,-0.40803428978628997,0.9547284627199893
75_aug2.jpg,0.009145791840083765,10.925112041784312,0.9442565700466531,0.4736387564512714,1.9632797153690797,5.35579620954167,0.03940826633893897,98.05472662718832,185.85516669990483,3.672849706599565,7.05917991129579,1.8225831662801286,-0.3229051844547587,0.9336821859846838
76.jpg,0.01589747505132018,2.1385513916250076,0.9560569045919903,0.5860445729540259,1.0298556373766474,4.6173073351265455,0.03891010945886189,24.35533507112053,95.2827888928571,3.575817693131882,1.0633827610440711,1.300835046496401,-0.40856764383992894,0.9510583470846414
76_aug1.jpg,0.010964892416547906,42.5487669038505,0.7525299387233578,0.49490149629261554,3.2372129024559313,5.217267196052941,0.03634897582629169,85.97429397118822,163.1373210316179,3.7422160365823274,32.06516792803275,1.9020812407682297,-0.38391428634863134,0.9568368920763021
76_aug2.jpg,0.013476563885237498,6.0481423556949405,0.9599126984645708,0.5591181234671835,1.3917229279817716,4.924456177152476,0.04720002496265786,75.49216355930466,134.43728862544071,3.539594681094285,4.105785126787904,1.5452532706980757,-0.3940909219999458,0.9540821464046122
77.jpg,0.01331868648365286,2.201401496410155,0.9601943221955085,0.5868180158733822,1.0317715308242899,4.670632603087286,0.030880199228155825,27.66490419184764,108.45821527098039,3.680586373593411,1.121105389813814,1.2987363972355268,-0.44472708393513194,0.9640502189288477
77_aug1.jpg,0.01757240751539939,1.3804986082995951,0.9706369476477366,0.6482957134937459,0.8097858257422402,4.378932385273957,0.039726615215924424,23.530308657045904,92.740736019884,3.592085213794477,0.7089859145199671,1.1190853130534526,-0.4974837294275293,0.9711326563698734
77_aug2.jpg,0.013651886819377663,2.5433717221388457,0.9489250460448726,0.5751884841412404,1.0973073064682655,4.694764535803981,0.033806330338864585,24.909145909832034,97.09321191718928,3.614668964408446,1.3299264508921094,1.3560234978427328,-0.4057374727068175,0.9525066238321951
78.jpg,0.012606487016781624,4.08141410067282,0.9511069984296044,0.5741687337394759,1.205559993830921,4.936727752048881,0.04190953011459466,41.7366704066697,162.865267526006,3.7955449797200544,2.5986402491926057,1.4213115344405802,-0.42041810692661,0.9620758221489101
78_aug1.jpg,0.017168362875122745,2.320479445127958,0.9719572519955478,0.6426544840531561,0.9129696671179961,4.657020605760637,0.055728651654956565,41.36504860469585,163.13971497365543,3.7532968084713803,1.4620363264355123,1.2328239756321349,-0.4879698552175467,0.9739378168252075
78_aug2.jpg,0.01025202965591906,5.626585353660388,0.9336330412607271,0.5236065562423422,1.465293101572528,5.145999066801343,0.0341195115362707,42.38863079278503,163.92793781747974,3.8124192130774004,3.455911732632968,1.5766099940063842,-0.36761280507302574,0.9485486950252702
79.jpg,0.009396497450237726,3.867934962770298,0.9537401891270346,0.5079280104435786,1.3834340031480534,5.132578032098507,0.025495886953179964,41.798909269783465,163.32770211636355,3.858335597575937,1.9286845575546372,1.5239547529743196,-0.3865061028613964,0.955296989704481
79_aug1.jpg,0.011303608560357028,2.6587638087602485,0.9674139863592802,0.5629139124807231,1.1352544857816431,4.947543734907149,0.03051253109792851,40.785505286631704,160.48325733776656,3.856380735602081,1.342656715448929,1.3708544322423122,-0.4417297840265871,0.9682187354218094
79_aug2.jpg,0.010257938382875096,3.4986568997031444,0.9650478323697815,0.5647860556331268,1.159098419053477,5.026334145579476,0.0260758832186775,50.092652559678484,196.87195333901076,3.9350755648349076,2.130951562388904,1.383107839211012,-0.45516408005168263,0.9729609009157965
80.jpg,0.007116412363752182,2.870504089166072,0.9886090748959735,0.5649875957712103,1.1498251655247511,5.376627259075775,0.021574228419657025,125.99902608061001,501.12560023327404,4.270101345448186,1.534279041533545,1.3936536883996011,-0.5015410815769522,0.9860170532960937
80_aug1.jpg,0.006239701879032924,18.87651658005687,0.9251672970390382,0.49502638963565576,2.3511962643396407,5.713711042155518,0.022867786874530185,126.12428289296754,485.6206149918133,4.24916958748649,13.345479914965143,1.8437998666452455,-0.4143842419877476,0.9743425758891711
80_aug2.jpg,0.005419085649761353,6.487834178145576,0.9743801461426373,0.4946029223858224,1.6271208153598147,5.70728830703294,0.017975805096075045,126.61702795537862,499.9802776433688,4.28550704573812,3.83341419813294,1.665098299747871,-0.42014600452180906,0.9755561204875774
81.jpg,0.0046311154393626555,15.477123750734862,0.8994399451999111,0.3905405590836132,2.438879440665155,5.662459252008814,0.014401717477114303,77.08282783160729,292.8541875756943,4.1107451045530965,9.33256778689892,1.9497015763165717,-0.35877854530480136,0.9553434466931102
81_aug1.jpg,0.0048257255302424406,10.234950579797072,0.9374283293779136,0.404400352272034,2.14872763282851,5.6349277321290785,0.017205138915665233,81.94951796261287,317.56312127065445,4.150711439636023,5.459455278137267,1.868615549524784,-0.382512991825076,0.9630041528258158
81_aug2.jpg,0.005290859845706888,10.787802990514386,0.92792638971499,0.4129336304144179,2.1497256573083776,5.575263059167223,0.01829402215431627,74.89321202603001,288.7850451136057,4.09003775732464,6.0160759780731485,1.867888158340774,-0.3745242777591277,0.959141169843906
82.jpg,0.007658129078736468,6.93878386099348,0.8790270284328106,0.40049676904251624,1.9316318814277071,5.1332527660702265,0.020072091147408752,28.69895558747971,107.85703848892538,3.6870428766759016,3.156031452033515,1.755660317532698,-0.31893979507410297,0.9247894765210954
82_aug1.jpg,0.007679293085659966,6.936446360153257,0.8789925592368069,0.40110996390707226,1.9302203065134098,5.1320726834181,0.020072091147408752,28.680973209369366,107.78744647732421,3.686962048441801,3.1592188073428162,1.7561862569022963,-0.3190873171323584,0.9248377741647282
82_aug2.jpg,0.008523880173196066,4.037130779028928,0.9357359777784604,0.45767280711840375,1.5234265477321034,4.989754849709789,0.021624723013611902,31.483042892903555,121.89504079258529,3.7251756693212448,1.6234846997271069,1.5296334124722557,-0.3773668936211646,0.9473597212124574
83.jpg,0.012762913182109974,2.229510828247282,0.9866648640970552,0.6061053994032913,1.0051494232844975,4.999756638262166,0.047512104310473584,83.59987253913431,332.1699793282899,4.052603840096127,1.2108966782514412,1.3225205093782741,-0.5212269584995021,0.9849792081503805
83_aug1.jpg,0.03909362181418813,1.1042429219016656,0.9933296897668502,0.7401149852046237,0.5965103333455,4.350081631958449,0.16591800470166923,82.77368743848386,329.99050683203376,3.777740564849325,0.7408488683130207,1.0105020921761696,-0.6408318139845308,0.9915435383866984
83_aug2.jpg,0.009651398639708823,3.021216643999413,0.9867407670849848,0.5947037620323226,1.1063721751793039,5.251555856529009,0.036951569218608496,113.93486748905852,452.71825331223465,4.230401173866106,1.7876451462521266,1.397745534921397,-0.524086721227333,0.9877727805666221
84.jpg,0.0031472020528042505,36.158195185398,0.9281229093712855,0.342035430704714,3.797898515532558,6.401457378932458,0.01793610970941657,251.67513425650722,970.542341840631,4.523915037474597,21.506308340764434,2.4057602159649853,-0.33831165654577794,0.9614618904252143
84_aug1.jpg,0.0050988722776858005,16.834748444092412,0.9587686784674043,0.42165944359665036,2.5941502242240824,5.938031338240928,0.02310315884049747,204.29262129597484,751.5328410500302,4.278863207323503,9.961807487569546,2.0815018978594244,-0.40050587910155555,0.9733542060916975
84_aug2.jpg,0.0031472020528042505,36.158195185398,0.9281229093712855,0.34203543070471404,3.797898515532558,6.401457378932459,0.01793610970941657,251.67513425650725,970.5423418406309,4.5239150374745964,21.506308340764434,2.4057602159649853,-0.338311656545778,0.9614618904252143
85.jpg,0.012431490702828412,1.8331334968633823,0.988557182945518,0.6254287371616147,0.9154738270384698,4.8492390964761505,0.04469547071654022,80.23012467968411,319.08736522187303,3.958882375235055,0.972038893160789,1.2304079630409095,-0.5238133715908339,0.9832860390787146
85_aug1.jpg,0.013817721414271891,1.4178548363025592,0.991600235227591,0.6538819606892798,0.8082478672962621,4.7351427189464275,0.05031021145278729,84.53158611178779,336.7084896108486,3.963142435050736,0.7459127217026458,1.1425626495611354,-0.5619768753813875,0.9871448625518878
85_aug2.jpg,0.013051543844624541,1.533101473399595,0.9914799167544642,0.6449842977487907,0.840377869388969,4.786767777238142,0.046285864401431676,90.08412202518792,358.80338662735215,3.9841255583911512,0.8054939765256919,1.1698112564139742,-0.5545603576023738,0.9867159988745685
86.jpg,0.008227277721514494,2.2076962809917355,0.9950885660917066,0.5852883830415783,1.0412954924558344,5.431580800991787,0.041378437207774156,224.85299782490955,897.2042950186466,4.471421586610395,1.1043695930474382,1.3190251359983647,-0.5723355942030567,0.9934140013253401
86_aug1.jpg,0.00797219419317087,1.8947401971656803,0.9956757749474492,0.5939404990623114,0.9843575548338047,5.373379415940014,0.03653782819693354,219.23102658513437,875.0293661433718,4.466225944248324,0.9033251287270548,1.2550815253872292,-0.5845906541535981,0.9938986896944834
86_aug2.jpg,0.005284047571741135,7.287367209252516,0.9822188395090258,0.5109520631767839,1.6297524452059684,5.816596240356462,0.025990360911980988,204.93785103321002,812.4640369235875,4.464677567368198,4.624420019103663,1.640633346017423,-0.4651403912946935,0.9850829177828804
87.jpg,0.0026906587430082472,46.74668205952098,0.9294793163624582,0.3282699472431685,4.1352746263361455,6.782562739342248,0.018738907798682654,331.49028114588316,1279.2144425240117,4.664383015927814,29.477309594970095,2.475079967809905,-0.2891270919442008,0.9472592433070133
87_aug1.jpg,0.00268717917392899,46.748052922331496,0.9294804304240507,0.32819509473324615,4.135553949042929,6.783664150437969,0.018645784976845704,331.50523993300015,1279.2729068096692,4.664830009503922,29.476362613461756,2.475069364966663,-0.28922288590948336,0.947328913783698
87_aug2.jpg,0.0028739612890481096,21.259251259396653,0.9671470510581266,0.3592782973281098,2.995337773410683,6.563871315691854,0.018824477802188495,323.6546649556511,1273.359408563208,4.661649240663027,12.135080125534731,2.2061824264894074,-0.3478550714149815,0.9670859329103754
88.jpg,0.00627633516794239,7.040786319415353,0.9713275744524108,0.4369949402073783,1.866441667651345,5.553383824398931,0.019192993386541773,122.96657178142414,484.8255008062812,4.10974059370778,3.5017745819756674,1.779407423203132,-0.38318277734115935,0.9624180290760251
88_aug1.jpg,0.00815456542912576,4.511437855479635,0.9824221715221801,0.5041926589932417,1.4700468019784165,5.319126978264434,0.02445933921913996,128.5211471881996,509.57315089731867,4.105267822918094,2.302022730063518,1.5852628065542926,-0.4475659897327682,0.975652764887913
88_aug2.jpg,0.007416867738191245,36.71366844305825,0.8694588559012549,0.41816147459439923,3.2935814039633184,5.6833922590497234,0.034056501736484175,140.6604034375015,525.9279453069477,4.121345019852615,25.833548853313665,2.1076649895306385,-0.3435364094735449,0.9507797099241996
89.jpg,0.014885540640503632,1.5123483418937964,0.9827712540465143,0.6454691797873615,0.8345270890725437,4.5363868778749445,0.03622736690918509,43.962453466723126,174.33746552499866,3.718574918739809,0.7918108204479988,1.1531325891475999,-0.5139008399873121,0.9771186061992003
89_aug1.jpg,0.015771382691828977,1.332819688194688,0.9856938774114836,0.6637754590925695,0.7772245670995671,4.4791194203280496,0.04006537381537382,46.63464004916207,185.20574050845357,3.737603189580666,0.7065006936070617,1.1061336361397032,-0.5427528998764122,0.9812851206547885
89_aug2.jpg,0.010800627248839552,11.756391111694143,0.8764889683394511,0.5564780866206552,1.6311854811854811,4.925777176828806,0.028143769810436474,47.59741879521262,178.63328406915633,3.777479404165595,9.087249097395619,1.505679366071897,-0.4244859219850834,0.9637087402507329
90.jpg,0.013027923606488842,3.980438051082998,0.9748237044439894,0.5507593762409934,1.297489517442975,5.07112233711862,0.05419745543415756,79.02835499715619,312.1329819375417,3.9635684366477415,2.260025139408952,1.5082136212984203,-0.462810713067176,0.9755560466750695
90_aug1.jpg,0.016891820370211256,2.9508347098807626,0.9811213439022255,0.6085190026432141,1.0741563209527665,4.86102042332881,0.06463655322158857,78.1214161174567,309.53482975994604,3.9324270468977103,1.7581154559295233,1.3816128810497599,-0.5179833475371484,0.9825460118688207
90_aug2.jpg,0.016480294066953737,3.0322734826630793,0.9813499577402123,0.6079647855553518,1.0846206087591075,4.88809597030343,0.07262942829777772,81.25903859277496,322.00388088843675,3.951645469928261,1.8160929880576357,1.3939856449266959,-0.5160103644470647,0.9825552736645765
91.jpg,0.012807153670570056,3.5041381586621703,0.9862273654704425,0.5916172908463797,1.1671512544232565,5.246846718111736,0.06697957042169933,127.23227945347834,505.42497965525115,4.205352715071891,2.121596835776521,1.4614988819793853,-0.5231970889751197,0.9875252552995275
91_aug1.jpg,0.006887275377042947,6.751531539478652,0.9730901565813763,0.5179074320438949,1.601886559421005,5.649876662784591,0.030545584234994688,125.45459103210132,495.0668325889267,4.276663979457136,4.175880949363638,1.6728128645510263,-0.4322768877782522,0.9774180814141867
91_aug2.jpg,0.013170921604113086,2.488465322081912,0.9886731371092075,0.6178354056833464,1.0087413104049048,5.11333818015008,0.05899692381351367,109.88113800085677,437.0360866813452,4.175990767389488,1.4490446439212252,1.3424230661284233,-0.5488441841045789,0.9891933036751124
92.jpg,0.004407438519354014,3.3427929739729962,0.9919587145690762,0.5267422638958134,1.2806277414633724,5.775409221460598,0.014785511734282882,207.91918476596598,828.333946089891,4.571839812668495,1.682556127338228,1.4581615366058887,-0.5151339953577243,0.9906845907081718
92_aug1.jpg,0.00516344752665715,5.25445659658972,0.9879437238107835,0.5843579869611824,1.133160659415664,5.636600140296123,0.0176497997058322,218.06710963396657,820.3203242663315,4.523313284027055,3.940590140590857,1.3466095260252573,-0.5581854846443228,0.9934158569948429
92_aug2.jpg,0.007277595306445972,17.939885582218082,0.9635902932001271,0.49841342248737275,2.0957572871193006,6.01039410506824,0.06686986430123784,246.4341474265118,733.1304563516936,4.326468202306597,13.53358774337461,1.8374933159401046,-0.45231919676857857,0.9848776918219049
93.jpg,0.008731737621190989,3.0230636451496333,0.982769370471947,0.5711670422465716,1.1593360035350968,5.265941630546859,0.03991299521053548,87.72196421709104,347.8647932232146,4.178932123323433,1.6688638042678716,1.4194419788210162,-0.4967902588697889,0.9843163873820095
93_aug1.jpg,0.00709922435749766,22.097126660803664,0.8215416530790934,0.48610469449832944,2.534489623831866,5.542447243952813,0.019001325197795432,61.915557605163706,225.00640859606244,4.024500510171915,15.671530735776935,1.9171080858830596,-0.36957481646347884,0.9585027342727462
93_aug2.jpg,0.01111043004781407,1.8407643668498739,0.98967221510327,0.6349346780924129,0.8971223035995365,5.029891178983405,0.05032881710286416,89.1107479940087,354.602227609185,4.163812621576997,1.0230802043933134,1.2338215537398751,-0.5588147272002563,0.9896123475539464
94.jpg,0.007273621513637171,2.705078446195061,0.9768520598006493,0.5257719282473421,1.2206894379459432,5.156585545455221,0.017871376090819874,58.4942589253918,231.27195725537212,3.999211306084404,1.1895168072491131,1.3879893677054338,-0.4477149534981841,0.9734206092535422
94_aug1.jpg,0.008224980865210684,2.0582581412194507,0.9821780791724193,0.5648358651277945,1.0591576908541196,5.022910168731366,0.018488008629377675,57.82695619257612,229.24956662908502,4.000536172102743,0.9116731424888326,1.2727511631201225,-0.48710060491750606,0.9794459228129679
94_aug2.jpg,0.008031000196258804,2.20141403164635,0.9815983763586458,0.5607510764727948,1.08635712870176,5.074504859404083,0.01849569261017804,59.877486746364355,237.3085329538111,4.010862462515064,0.9997077260135239,1.3055456062758664,-0.47719108585183423,0.9783962272811204
95.jpg,0.028889745977442868,1.5672875115955474,0.9343636981733782,0.6644910630902972,0.7846567768853953,3.9739329766624145,0.07305993270513947,11.937461859422418,46.18255992609413,3.2124368207459932,0.9384236728201081,1.0936802786951634,-0.44060312346970626,0.9439311367330859
95_aug1.jpg,0.02888974597744287,1.5672875115955474,0.9343636981733783,0.6644910630902972,0.7846567768853953,3.9739329766624145,0.07305993270513947,11.93746185942242,46.18255992609413,3.2124368207459932,0.9384236728201081,1.0936802786951634,-0.4406031234697063,0.9439311367330859
95_aug2.jpg,0.031907897895328566,1.208577215520207,0.947287993716633,0.684600542837338,0.7119451265079536,3.8599454765729515,0.06867581817966145,11.463462169937484,44.64527146422972,3.1738597987302883,0.6893362489440015,1.0291165363175268,-0.463092047010338,0.9483941867526182
96.jpg,0.011164852503257588,3.038651026902019,0.9760581306907481,0.5679761884986119,1.156150796796461,4.918912295976651,0.0323400516816349,63.50196684119016,250.96921633785863,3.8285340380473722,1.6855553585831529,1.3973812823298648,-0.4443429915511088,0.9688234753237637
96_aug1.jpg,0.009895873775635163,8.262843889584396,0.928639307056969,0.5282586892969066,1.628665767211447,5.088297040199506,0.027312224863132954,57.90523023466557,223.3580770490779,3.8288091360993706,5.605189483304729,1.5988406369548747,-0.39250459504956375,0.9571679618205233
96_aug2.jpg,0.010413427616825587,3.2711813909268095,0.974270635406336,0.5509254678712047,1.215941377251126,4.976642269164648,0.03012202861059842,63.60814382361029,251.16139390351435,3.834344287323689,1.7759565185035107,1.4297853110248797,-0.4298648600316646,0.9660873406273675
97.jpg,0.007942769533055156,4.712755618949833,0.9656668979828643,0.48841724755136534,1.5139157731184931,5.339199769321038,0.02890113020717872,68.64907049260903,269.8835263514863,3.9978598342271083,2.3901512008874497,1.602543029680957,-0.3959909939127777,0.9627286490588208
97_aug1.jpg,0.009956519532636283,2.8252118175783223,0.9792784594614985,0.5675822609265863,1.1478301027451512,5.105704331649613,0.036701801434811145,68.19213799737358,269.94334017191596,4.01604706381058,1.4783634346483612,1.3975267792402644,-0.4709450603792459,0.9774748343330982
97_aug2.jpg,0.00931341983527758,3.428030043002879,0.9702005027043527,0.5358857742068823,1.2827117216796586,5.1556596589756385,0.03585327200158376,57.537731099241086,226.72289435396146,3.9352165666119063,1.7610486916769739,1.4811537782157236,-0.4218256752560014,0.9670514549486032
98.jpg,0.01611529062670134,2.2352990759240763,0.9784450895464525,0.6152337138776361,0.9819329143079144,4.751230801641611,0.049895382395382396,51.82956604874588,205.08296511905942,3.8137390562392643,1.254477104478512,1.3001000538630025,-0.4860301000758143,0.9754730507210797
98_aug1.jpg,0.0233409439608182,3.203995522197803,0.9782587136216937,0.6967471952265147,0.7834432406011038,4.370312906355415,0.05508180418144404,73.79741540559937,156.19225568972308,3.579937964791444,2.5749395484564452,1.1281370186726096,-0.5499612521783412,0.9811462350844248
98_aug2.jpg,0.01787691338143262,3.321751047726899,0.9755201767097565,0.6577893044606886,0.8846617356339347,4.640818181554811,0.04519651857966861,67.9611776061904,217.34727918579085,3.7905582948893417,2.5232711960935994,1.2096344059278574,-0.532087538348643,0.9821124803306469
99.jpg,0.014471296510026118,2.560242246760623,0.9570745739997151,0.576703820654714,1.1008456060313543,4.71290477850701,0.040025066522290216,29.824637324348764,116.73830705063443,3.665341192608497,1.3370280131679828,1.3709997657957413,-0.42611715775595405,0.9596890981617114
99_aug1.jpg,0.012519286179765261,2.752645397720755,0.9612970883139826,0.5581300200320732,1.1603529948321063,4.841715767679004,0.03375997484604042,35.566208120885484,139.51218708582118,3.7490960009733714,1.3934515470985902,1.3981530106219386,-0.4269496969720532,0.9626943009201985
99_aug2.jpg,0.013412937314425326,2.830742688843561,0.952710242681401,0.5570652527722822,1.1728897010064383,4.7774453834884785,0.03630279113819569,29.932053050605646,116.89746951357903,3.670115978143744,1.4456080697820821,1.4149963705824118,-0.4068479640558224,0.9549615563508459
100.jpg,0.005451094866226932,4.711242720537538,0.9608644874222503,0.4667283729886992,1.562501149230614,5.538376925506517,0.012537622208665987,60.18236197243699,236.0182051692104,4.117851298596328,2.250127527015888,1.6108925715868034,-0.38904133342689734,0.9644241425001483
100_aug1.jpg,0.005185761670706061,5.056264705421118,0.9580646187063622,0.4512434599265719,1.6349638328213154,5.58155044121213,0.011856877532319333,60.276808731849144,236.05097022197543,4.118294404456316,2.360500626858072,1.642828314241135,-0.3772012571429394,0.961353795068759
100_aug2.jpg,0.006517705690329797,4.004283708938121,0.9649014979974022,0.5081598314479359,1.3568929650666075,5.366513661400132,0.015309941190031689,57.07466850041983,215.37151605877457,4.077721660461693,2.1432246417828313,1.491295077921876,-0.4249781542307013,0.9714560877244933
101.jpg,0.006811347282630618,4.033056885322543,0.979518986846724,0.5024584914270078,1.40388045440329,5.368516222467405,0.025397370110306003,98.53110638304788,390.091368646869,4.11457679456716,2.001020706014076,1.5193070140282505,-0.4416475512574049,0.9747323347739877
101_aug1.jpg,0.007446207247703912,3.8275756890764736,0.9785077287299409,0.5120458545390296,1.3597251054178652,5.290332953528322,0.029030934266854894,89.11175605949082,352.6194485488868,4.063165343476738,1.9229018130852338,1.4954349747716216,-0.44075314092125184,0.9733951100927565
101_aug2.jpg,0.007408467619508113,3.099317692328097,0.9837419684364899,0.5360948014596225,1.2445110585340173,5.259658916789499,0.02328962054710105,95.44042366557518,378.66237696997257,4.122791427290744,1.479740890685582,1.4247096678119695,-0.47456891277178037,0.9795522565720592
102.jpg,0.009956659908240614,1.8175867035476032,0.9901086629546468,0.6062135218025982,0.9507741930291608,5.034229068726101,0.03926889217555554,91.87986062555804,365.7018557986845,4.120219329079559,0.8966022414755802,1.2392454750171444,-0.5374510603173992,0.987225773078064
102_aug1.jpg,0.009419991847302854,2.018627739871767,0.9890242640315425,0.5894996409595512,1.009254471297403,5.091323484674045,0.03799643143795582,91.96006164820598,365.8216188529521,4.122759538420469,0.9830568659267501,1.280383231145057,-0.5221759060648904,0.9858757210731854
102_aug2.jpg,0.00940390435487014,1.42534097772001,0.9898101839201645,0.6262158973778629,0.8584016207806531,4.920675472379139,0.032496225399451205,70.04458584020391,278.75300238309563,4.079386900940021,0.667798418991983,1.134890246657057,-0.5536249719865731,0.9878900541469141
103.jpg,0.019507828599118482,1.8945199645984754,0.967890690028708,0.6378101405177692,0.8998146835537983,4.550731611572816,0.06805119272805452,29.501775527115896,116.1125821438651,3.6577542753855994,1.0771967837307335,1.2507790709052728,-0.4780939889049284,0.9705281559645136
103_aug1.jpg,0.01084581983695565,20.523156409874574,0.8192541422751387,0.4882858799054342,2.4812271462185453,5.289339459827055,0.042652015880258735,56.78837131929178,178.5148073302773,3.7978709370767207,14.364158024671813,1.9112344570019448,-0.3413689520270953,0.9413564904870371
103_aug2.jpg,0.023187497066273245,3.518232163982448,0.9631443068335851,0.6876287900886471,0.8005955064127166,4.400680175338196,0.07413303099775902,47.85702061065851,187.9098502786516,3.666411255630103,2.86695704200934,1.1330666373474252,-0.5355977014790874,0.9793473293450128
104.jpg,0.0055179949162151454,13.635078510561758,0.8294284804133989,0.39353120380367657,2.3841734258541027,5.708183800681782,0.014270246647105776,39.96236594180265,146.21438525664888,3.8794539341994585,7.896952088657232,1.9847302673800427,-0.23813750169618053,0.8845986542706517
104_aug1.jpg,0.007164833907207469,7.898861176838481,0.8948721338534589,0.4500022989966638,1.8366936060570422,5.431092850869635,0.018963714818808975,37.58163246403137,139.5054959417692,3.845528774958023,4.474442623251151,1.760516876333258,-0.2966551647852592,0.9193269923846297
104_aug2.jpg,0.008065128737905616,9.589169613618882,0.9445197886318303,0.4747577200503902,1.805956331846788,5.388533010928015,0.034941029765624326,86.5667808093118,146.16708882600162,3.745709900904883,6.281170080669364,1.754190296101636,-0.3304943396837978,0.9373868140185909
105.jpg,0.007769857275854471,4.545465930401194,0.9466777071801827,0.46363100382663214,1.5696921075787287,5.250073650059033,0.02368857902372558,42.62253091070573,165.9446577124217,3.8665471562165488,2.041921822219585,1.6094616000143829,-0.35733278440989186,0.9462299009976858
105_aug1.jpg,0.006453850535011757,7.644399940979918,0.9144665915626263,0.422684574273372,1.9362302946359324,5.4876380978659025,0.020296570399969068,44.68769823451183,171.1063929970674,3.8934833634578383,3.867858347883054,1.8051023550751193,-0.3030020930085333,0.9258444957743394
105_aug2.jpg,0.009125573677234601,3.440151164096947,0.9564618966893708,0.502093297798419,1.3499520425210991,5.063548130929634,0.02918971639585803,39.524910802047614,154.6594920440935,3.826938932190823,1.5818084396631371,1.475163116599376,-0.39628882155807926,0.9568184949642523
106.jpg,0.00943174673723802,3.5405467596311055,0.9795261926262229,0.5367072112715909,1.2780986087456494,5.250445947724668,0.03399843698169505,86.44992851516265,342.25916730101943,4.047661721927213,1.8912224480731346,1.4720046658537056,-0.44296922671334527,0.9740611038086008
106_aug1.jpg,0.01064044534742354,4.576038758554119,0.9796370578846824,0.6040647654170989,1.0695179926598883,5.073033248320168,0.03330990483816382,112.47867704627807,340.45976086047483,4.010104331228193,3.411627100965301,1.312432410456009,-0.5186024602972871,0.9852072914207322
106_aug2.jpg,0.011655347911690173,3.924049920510113,0.9788494772290478,0.5981614511826607,1.059833090208306,5.033360679237192,0.03919929986964971,92.86540955615209,336.8456230836553,4.0170034375978005,2.7792553059926433,1.3085442826779272,-0.5062967392031295,0.9829231479841013
107.jpg,0.011301587586804815,2.1289060530596027,0.9679428765303691,0.5790494706832532,1.040457304373959,4.848049791832415,0.02627255809284107,33.20706621818298,130.6993588196723,3.805450317957072,1.0287366127906779,1.292793660484292,-0.44851899520378824,0.9683996295504756
107_aug1.jpg,0.012508978006183885,1.5254901592726937,0.978913040339552,0.6305809131904998,0.8631823287067153,4.723332130522308,0.030236512102024063,36.16704233991426,143.14267920038438,3.8483939694980696,0.7609408138793549,1.1596501032117426,-0.5079782271823224,0.9789414553799535
107_aug2.jpg,0.011303632670310891,2.128555365736366,0.9679466777345139,0.5790801189055222,1.0403477761163045,4.847923612656503,0.02629438262361366,33.20553546514636,130.6935864948491,3.805426894344053,1.0286191508442646,1.292714192887376,-0.448544961348857,0.9684042676277729
108.jpg,0.008259756136474446,3.392777759335421,0.9768270193984032,0.5131138120281483,1.3301976804495912,5.195240154255588,0.024419144174098288,73.29537726076207,289.7887312837128,3.9750179339183016,1.5876202505698247,1.4837206616592922,-0.4269841734181414,0.9688059386852674
108_aug1.jpg,0.00574228956025903,28.66154145634779,0.8285797843656586,0.42964640241606666,3.0050263495883396,5.700945800993784,0.017552105505503766,83.60638633085011,305.7640038670527,4.093575745907108,19.619180817838995,2.059029532282738,-0.33083917343232877,0.9457031453862944
108_aug2.jpg,0.009093273701857387,2.8796964571310646,0.9788844293493967,0.5346174497955565,1.22544384745592,5.098009134161369,0.024268523227275744,68.34316032909572,270.49294485925185,3.957282427331534,1.340694969099417,1.4124053975218551,-0.4465793767334777,0.9719039646617194
109.jpg,0.004414245850629225,8.41918061477961,0.9500378719482323,0.4232696728176085,1.908045491044064,5.757496747362896,0.010359658149033477,84.2595904767015,328.6191812920264,4.179931105410335,4.7535820455850235,1.7707690156384808,-0.35893404975073917,0.958353930920787
109_aug1.jpg,0.004759443503983324,8.408783397296128,0.9465352365084135,0.42525667645545895,1.9007577918983296,5.710670728310807,0.012370260583381252,78.63968030423716,306.14993781965256,4.131544244841353,4.772646245465619,1.769892613306249,-0.35143902343934436,0.9546534485181581
109_aug2.jpg,0.003618328003990872,23.631800265970586,0.860643867960952,0.37303262662422254,2.8903543034523556,6.052245780877895,0.00933032718621596,84.79044779037255,315.5299908955196,4.181517722630313,15.264267938699572,2.1158130111886724,-0.2947750218907904,0.9358843348947692
110.jpg,0.010893413043435836,2.6206035467641122,0.9594993101544321,0.5455006055685913,1.1672535211267605,4.897416837335382,0.028868182342781337,32.3477158782775,126.77025996634589,3.7566761018494534,1.2389102487733132,1.3748917164117436,-0.40862804221393306,0.957745364906042
110_aug1.jpg,0.012435846532887493,3.886466987515836,0.9603447478175501,0.5982912285159822,1.0374525792984364,4.762158476593475,0.02924751268797079,49.234696028066274,130.01716876084208,3.7331444827189384,2.7850862485831884,1.2625585354976732,-0.46984067704373994,0.971781686895126
110_aug2.jpg,0.013563740871521714,3.3494289730411224,0.9596263887328458,0.5933919145713471,1.0365905046952046,4.6724625053429705,0.035050918685897825,41.60264847747898,162.82792801299652,3.6871236155568456,2.248866915243286,1.2663408290339355,-0.44795155237167333,0.9642889377212684
111.jpg,0.010492187439584685,1.7358592765441072,0.9900048087752565,0.6207295826402421,0.9117981619389399,5.003558331131936,0.03961039273566346,86.85479951167613,345.68333877016045,4.1179200580448745,0.8856662895541938,1.2190944870409717,-0.5467109794983346,0.9879984800812494
111_aug1.jpg,0.005625491125974346,58.0787035409761,0.7212123597775855,0.46561293938921355,3.977704230773373,5.738969918440371,0.027844568231498907,104.16321422325515,358.5741533520445,4.239133481292859,42.24689643014713,2.0513760129837277,-0.41238573944900847,0.9740516160073359
111_aug2.jpg,0.009808569718728542,4.906585934643372,0.9665989478244704,0.5471615745494698,1.3833609712687518,5.257936615770404,0.039114811182545735,73.4477174580102,288.88428389739744,4.014543114265399,2.986341555934348,1.5453862750412366,-0.4312727276838033,0.9716385318915952
112.jpg,0.018560618235947006,1.5639359740687169,0.9887075207022937,0.6675400539492086,0.8007925640812124,4.702870017649039,0.0708391180256845,69.25451226705998,275.45411309417125,3.9192559523986987,0.9099139939189738,1.1735498291877176,-0.559040755025879,0.9865859863287079
112_aug1.jpg,0.018564964604289174,1.5640328781620165,0.9887065234494966,0.6675497443585384,0.8007925640812124,4.702830412312797,0.07089974125164414,69.2526890089421,275.44672315760647,3.9192235004512503,0.9100090224025408,1.1735579180096767,-0.5590420764415003,0.9865857487645598
112_aug2.jpg,0.02208660734418189,1.5346942883589834,0.9886312282704676,0.7196374061641729,0.6495350638976057,4.506207936528855,0.08283023561192308,67.51947839819876,266.6668256733104,3.8817220713980407,1.1019451886627176,1.0295523243064344,-0.6106391692162545,0.9901897272259199
113.jpg,0.009662867136329144,8.605035577449371,0.9273095418866086,0.43648113792222076,1.9961685823754793,5.220077159157054,0.03772988505747126,59.235237003176216,228.33591243525552,3.765862332883475,4.558684723371887,1.8456208967939212,-0.3305975639095805,0.9333594666611542
113_aug1.jpg,0.010830767300637596,6.642799998134049,0.9407568072078615,0.45276044973798646,1.8068345088819227,5.094572066427107,0.04353232525376922,56.133243793232054,217.8901751747942,3.745925325049307,3.3069192207877434,1.7601495285613307,-0.3541384083418133,0.9409496175242518
113_aug2.jpg,0.008836995222187172,9.546388888888888,0.919700689772384,0.4138644788999574,2.1298316912972086,5.288382673638168,0.03435276409414341,59.48221915308677,228.38248772345815,3.7697070243259097,4.95474775271583,1.8943124383302625,-0.3139789495902774,0.9265899461987016
114.jpg,0.016928573588283792,2.524343575166893,0.9157686907220896,0.5496103180188229,1.149715314083402,4.494761054472555,0.041885487110373855,14.983518849451144,57.40973182263768,3.372134025211418,1.193707739427449,1.3696447790281927,-0.3390909746993066,0.9158515792972922
114_aug1.jpg,0.018843903425727386,6.55175470782169,0.8435240064724993,0.5376337778728036,1.490727891852709,4.566178089141472,0.04880312453167802,20.9557112142391,50.946130111040716,3.263983007521651,4.323870913304341,1.5659830608660545,-0.29121621470384823,0.887515050283972
114_aug2.jpg,0.020554999311666086,2.8761578436468085,0.9282825753063587,0.6014109231094401,0.9908879531034958,4.331244413169079,0.05131487201601287,20.114906683184998,59.8039548416333,3.352532714636789,1.8805753526196294,1.2471196944871115,-0.3939299815557197,0.9369790434160661
115.jpg,0.005505557462930339,4.746156519321658,0.9720346615711389,0.4530167354679072,1.624922775152133,5.509107048031069,0.02338020881598863,85.03536288196827,335.3952950085514,4.1214528665264885,2.0431151510057104,1.6324011917682033,-0.40396713794745254,0.9673926202875857
115_aug1.jpg,0.006335118179479752,4.344249065579341,0.969331503989432,0.46699004589727433,1.5481844438266457,5.375647434607005,0.027346477002440302,70.96681633269361,279.5230162651951,4.030756797831701,1.8960556597128464,1.5956582653069145,-0.40061002437338833,0.9642263411847045
115_aug2.jpg,0.00839280716801793,3.376525405072905,0.9828511728879867,0.5190784157760961,1.3250844894904459,5.252633269997698,0.040059824579475524,98.5457229828175,390.80636652619705,4.094276504217454,1.5512790237552465,1.482000657289806,-0.46606552574398413,0.9779674895408696
116.jpg,0.009797375414664113,3.3827960588567665,0.9809629115311999,0.5486705773777089,1.2508597650856328,5.213845492099843,0.0439319769650293,88.87362387268847,352.111699431897,4.069067002887532,1.7892370090471095,1.4721301323571685,-0.4640671798665976,0.9777868597557463
116_aug1.jpg,0.021897213334122326,1.7044227342863394,0.9894697324610686,0.6613447879920239,0.8334498258427108,4.663811643514208,0.08456347340277655,80.92023648364619,321.9765232002984,3.8735905831916737,0.9903201623706499,1.2077484929661757,-0.5553950322075402,0.9856518260300655
116_aug2.jpg,0.007864096097382905,5.616899648557043,0.9690717230132317,0.5138425016319886,1.5278817126305282,5.442172236927373,0.032598572263729086,90.80922763584098,357.6200108948069,4.086418567822527,3.270011113738893,1.6295795751978133,-0.410685426177473,0.9692264236515651
117.jpg,0.01537167226012258,1.2219616150306742,0.9849294704641247,0.6930132854233073,0.7085305524023784,4.600931528286846,0.04376580067765918,40.546708387872286,160.9648719364585,3.8688658482084493,0.7127809440786396,1.0863278656899764,-0.564006491530543,0.9861989419764144
117_aug1.jpg,0.01537167226012258,1.2219616150306742,0.9849294704641247,0.6930132854233073,0.7085305524023785,4.600931528286846,0.04376580067765918,40.546708387872286,160.96487193645848,3.868865848208449,0.7127809440786397,1.0863278656899764,-0.564006491530543,0.9861989419764144
117_aug2.jpg,0.01408068569084638,1.3025387740239371,0.9860453126353768,0.6844534373496625,0.7349082350900973,4.696950420522269,0.04416466447038536,46.67647468718684,185.4033599747234,3.940133377809161,0.7545017968962326,1.1086535316079489,-0.5648828618655494,0.9873013166653422
118.jpg,0.007905370604306641,2.797588537216231,0.9854708464608416,0.5435045423375264,1.196161406652143,5.284797198425788,0.03333158924351247,96.28977413401323,382.36150799883666,4.146197332133525,1.3470359769099782,1.4085025765042622,-0.4748314487661499,0.9808158840679623
118_aug1.jpg,0.008887449873861837,1.6961701736329937,0.9896262058565278,0.6104643502558382,0.924534904978595,5.034946983689099,0.026086542607883574,81.78724786134302,325.452821271739,4.118101125699125,0.8245130664820501,1.206742944467425,-0.5344359239508071,0.9868473879855443
118_aug2.jpg,0.005937835300335886,24.403560848394044,0.8834728357891424,0.459808685161734,2.7241800441265975,5.771688369032573,0.02539717193608703,104.71415063252573,391.9555882220111,4.1829978890200685,16.97522817894343,2.000572242272327,-0.3721272458637977,0.9633246518207188
119.jpg,0.006435965800874163,13.440450682928592,0.9702282940291218,0.3931307359319477,2.4966205979423948,6.052663627952082,0.039743096863862695,225.75959056751097,889.5979115871153,4.372836311369594,7.143148720930621,2.0583522831664007,-0.3676555729379274,0.9662259572284954
119_aug1.jpg,0.006435965800874162,13.440450682928592,0.9702282940291218,0.3931307359319477,2.4966205979423948,6.052663627952082,0.039743096863862695,225.759590567511,889.5979115871154,4.372836311369594,7.14314872093062,2.0583522831664007,-0.3676555729379274,0.9662259572284955
119_aug2.jpg,0.004570105111825014,28.599439949782816,0.9400700769131534,0.3476221984532177,3.380373322540553,6.36419813030189,0.02795740696469838,238.62376775503435,925.8956310703546,4.440302443981652,17.13024297037263,2.2981481376305966,-0.3144024984816585,0.9519717357378369
120.jpg,0.007567103398764781,4.7819495959252905,0.9887504874446432,0.5063041626863511,1.5025466252462782,5.703894699958379,0.040386976758504535,212.58020491146522,845.5388700499354,4.482699440325973,2.466505618940038,1.6230032298643164,-0.49998841732122173,0.9883717016053971
120_aug1.jpg,0.009416009139204953,4.33337907786613,0.98829597698248,0.5313930184980422,1.3979392424041142,5.553737481544603,0.04884041760765187,185.1235907628412,736.1609839734986,4.396248370784281,2.3327347493823893,1.5774380412579099,-0.5075191757821327,0.988117822381857
120_aug2.jpg,0.01058341823304838,2.8872060729012983,0.9924000388191244,0.5825273675328191,1.1385634240773412,5.397636259973948,0.04852939937337281,189.96751549715538,756.9828559157202,4.407876788287641,1.5465760427867379,1.4198321238375886,-0.5590202965543642,0.9920809538621245
121.jpg,0.007960509481991394,4.772542550819137,0.9518929522600964,0.48702097521698573,1.5123749376314675,5.194268069751895,0.026289696561384995,49.673667776514215,193.92212855523775,3.8619931893135946,2.4460896562948755,1.593565863693506,-0.375015083695834,0.952195026443916
121_aug1.jpg,0.012361885331089357,3.064544187044187,0.9753376467786541,0.5615485284464914,1.1837282468804209,4.963731532624662,0.05364552440639397,62.14926700390093,245.5325238285596,3.885959362097445,1.6340220359240947,1.422600099598902,-0.4547572271800362,0.9719438965986422
121_aug2.jpg,0.00891734911134891,3.18033229374198,0.9650614036578261,0.5357478444952484,1.248486159945465,5.018705995871932,0.020576297844769366,45.6149359212315,179.27941139118403,3.8613544179431614,1.5839362924694123,1.4382161758599257,-0.4240014539240893,0.9645128326330235
122.jpg,0.004641635971314284,4.319344831893924,0.9831077026231048,0.4882965960715082,1.472516415784717,5.700825630451705,0.01623756160974359,127.88221155080271,507.20950137131695,4.348805120026828,2.1262486295038574,1.570239392796533,-0.4452662173726637,0.9803532154571298
122_aug1.jpg,0.00460631679514628,4.864484739960501,0.9802823286919116,0.4723282608745999,1.5656367098597752,5.736569780469468,0.016624025913252523,123.37608407706153,488.6398515682856,4.3302097185833395,2.386074463181507,1.6213999973931836,-0.4283810276704412,0.9774183199414087
122_aug2.jpg,0.004079766783879637,41.04279891410428,0.8758473381341775,0.44236230666009235,3.3856540553553076,6.138785079485986,0.03061497438700135,165.30523704981013,515.2371111046302,4.295082664461812,29.568196834882414,2.1209478672821103,-0.37731933947819957,0.9704368188843833
123.jpg,0.007441922385839213,4.572985728404853,0.9513012573252111,0.47482972610033947,1.5340998628798035,5.330966898422729,0.021746765139409464,46.94905169528538,183.22322105273668,3.9533980771538433,2.1882532112803776,1.5993205632934104,-0.3720774089815394,0.9542113168820547
123_aug1.jpg,0.010579897172388476,2.5249649947908708,0.9725955458693841,0.5696676327207049,1.1064588560900952,4.991717887379005,0.029357413819902867,46.06893648943401,181.75078096294516,3.9209721961790542,1.2719091294469336,1.3538941010842318,-0.4585533486406371,0.9730378590900227
123_aug2.jpg,0.008485477949230706,3.083111201488377,0.9706363021102885,0.5371351603382652,1.2376428356233657,5.184672276747764,0.022951103887827166,52.49427023462775,206.89396973702264,4.011683979909635,1.5187875521696697,1.4334807123785862,-0.44257396689183937,0.9724473870140794
124.jpg,0.002903241914213121,16.346826570337655,0.9638326243087123,0.33154623668785277,2.8844364954129498,6.200980933434314,0.01015577158236438,226.83109245650536,890.9775432556838,4.5074695469490855,7.794802387466271,2.145419779633984,-0.3863712002485612,0.9731771323606742
124_aug1.jpg,0.002797864083018458,17.486400101358548,0.9643258723777484,0.3245565512962827,2.978085052877297,6.238651541581515,0.010778104441539343,246.00117143702107,966.5182856467255,4.545779228363191,8.360318806002963,2.1729660668086344,-0.3897955384195056,0.9745908117381742
124_aug2.jpg,0.003705982451551939,11.067400453337953,0.9722113038386478,0.3793537192160772,2.3611210970585974,5.971122037913584,0.01244718275968276,199.71166196152433,787.7792473927593,4.441846389071821,5.322097064820518,1.9677620583137903,-0.41826017961366857,0.9776200928637693
125.jpg,0.009048390080651302,2.120489893623242,0.9927636378216954,0.596932656147089,1.0086325231858562,5.171138404377944,0.03371675413051577,146.63142151474563,584.4051961653591,4.214188103468206,1.082531925772145,1.300861494309408,-0.540185733243902,0.9887506748154589
125_aug1.jpg,0.005356320034029031,38.340172001794386,0.8659978849895046,0.4766949565725312,2.9940493402201716,5.742839421224085,0.017130784768759618,143.06370969590301,533.9146667818177,4.2989750068192825,29.36923335600264,1.8995417417456535,-0.4182315842871451,0.9755142211137484
125_aug2.jpg,0.008538240017819674,1.9802482653420947,0.9919970386886732,0.6012506385963441,0.9816444832615745,5.155384217096093,0.03310078976430707,123.8080214920285,493.2518377027719,4.212730489444347,0.9990818941285186,1.2739588429833517,-0.5429925672091485,0.9889306581388977
126.jpg,0.004684914100546696,5.249078322316543,0.978172756888654,0.43627537384431864,1.7112328781508597,5.665347382395101,0.020167051395141918,120.28609792159216,475.8953133640521,4.244221321735214,2.257241355406709,1.6691649067667473,-0.4165791486106847,0.973499037927502
126_aug1.jpg,0.005651718031724987,3.606394839344906,0.9845227291559022,0.4847933047103011,1.4196840627875373,5.455690337109327,0.022404501557272596,116.58259851624186,462.7239992256226,4.2277643185830005,1.5350041469907318,1.5039774273274205,-0.46418313623886864,0.9805808828697989
126_aug2.jpg,0.004700417275912938,9.878835420007402,0.9589171670238672,0.4402507530696267,1.9661311579646044,5.73812369128258,0.021021038549871657,120.24788577607029,471.1127076842738,4.265942815890444,5.970384354753195,1.7821850752254005,-0.4049559625679614,0.9717579325511352
127.jpg,0.0045211406259081065,15.644968207365142,0.8539196056370938,0.3998860727055727,2.487577692856718,5.810698650678016,0.013378832240029318,53.57407709185445,198.65134016005263,3.992716605664907,9.392371490653028,2.0244293354006087,-0.26195918117517686,0.9071137707971589
127_aug1.jpg,0.0055404151426156414,9.087742048095667,0.9093726320549145,0.45116814853708964,1.9538317381327248,5.588220490762039,0.015200427618190775,50.15754440972036,191.54243559078577,3.976459161329585,5.195654368563405,1.8260060277973464,-0.314230051067747,0.933344460994449
127_aug2.jpg,0.005334422975739049,13.510369664027259,0.8401701536390964,0.412467599546341,2.3292126820068186,5.638158887759831,0.015792415175405104,42.282090060429105,155.61799057768917,3.873564758900532,8.036431487550953,1.9707111536176694,-0.25301589850658485,0.8950510613488136
128.jpg,0.009488799048813903,3.284281618546086,0.9878741076726089,0.5653185246324905,1.1994995118581724,5.224231949772777,0.027346911012455052,135.6553343149853,539.1061271608646,4.143722164909646,1.822107323728709,1.448748889773723,-0.4963711615862778,0.9835778092748724
128_aug1.jpg,0.009082014986895086,3.4914220460262935,0.9871186502685284,0.5533933857276323,1.2473735814366447,5.266354998256508,0.026894642485763988,135.74899023066325,538.8686794918451,4.144817398550014,1.9105649937570655,1.4764453718177863,-0.4849694278192533,0.982245341870349
128_aug2.jpg,0.01565341018350427,5.08764838011307,0.9850359154913797,0.650226917993585,0.9742847977107348,4.8553228625432405,0.07040220495083352,170.2720597036667,299.3173745671811,3.8070408217357925,4.118262631163688,1.2648640627323438,-0.5550919243874612,0.9875643270286358
129.jpg,0.009526545004448786,3.8944383078433042,0.9808379834126004,0.6136780145401817,1.0826488506166343,5.204277664279192,0.03479395771151962,101.61878876443205,402.5807167498849,4.189758134760934,2.6895669440914567,1.3361404432735606,-0.517313354548429,0.9861885667199946
129_aug1.jpg,0.008734180879650097,4.888616413620197,0.9797377605681064,0.667993456305338,0.8878436338114047,5.071221581390141,0.024674081784476776,120.76878527282751,361.40485229025103,4.167235412355565,4.077164023634735,1.1546956877499845,-0.5891448594194161,0.9924732208624607
129_aug2.jpg,0.010437657760244166,2.3504743869760407,0.9883374216211227,0.6605836122126791,0.8705500117819942,5.0511704361171414,0.03817558066509508,100.76973126053218,400.72845065515264,4.195170771585565,1.562072042393828,1.1941464118353495,-0.5650393340094562,0.9901367076652072
130.jpg,0.011045744348395552,2.39669742794602,0.9871407213761407,0.6196855238363099,0.9833048899296568,4.973325919811985,0.043042745338667074,93.25009983051095,370.6037018940977,4.005213905816829,1.4113806591906337,1.3089073967567408,-0.5171902133747548,0.9839013822569657
130_aug1.jpg,0.01160991337990077,5.812951429542071,0.9757898764480784,0.62080049036018,1.0434337821822175,4.979105544130419,0.04441198329426756,120.19299092728052,392.56179482628886,3.967164231432429,4.700165156536528,1.2974331071700507,-0.5314837820754409,0.9859218543829148
130_aug2.jpg,0.012327617071389154,1.7411104194295866,0.9907468040127396,0.6460672659723097,0.859953004166303,4.853878137272,0.042750176198387134,94.14912359241112,374.85538395021484,3.9940952823080638,0.9854052775010425,1.2058367210226795,-0.5470774230963271,0.9866226013098538
131.jpg,0.008420012185017249,2.8577342181687655,0.9686980844874756,0.5417395770542295,1.203998621353521,5.1180082291337925,0.020844123213469946,45.640662411087554,179.70491542618146,3.943827200373921,1.3944294550210343,1.4139129586189747,-0.4311013087072097,0.9690292946338718
131_aug1.jpg,0.008321252914689615,4.234597392808197,0.9449705254562929,0.5142575907409669,1.3949183221301311,5.179105277993532,0.02108028617111532,38.47252691185032,149.65551025459308,3.859734114574967,2.2819324407562473,1.5352352971763987,-0.3760905905212147,0.9531923297194389
131_aug2.jpg,0.008420012185017249,2.857734218168766,0.9686980844874756,0.5417395770542295,1.203998621353521,5.1180082291337925,0.02084412321346995,45.640662411087554,179.70491542618146,3.9438272003739216,1.3944294550210343,1.4139129586189747,-0.4311013087072097,0.9690292946338718
132.jpg,0.009204583443053452,3.262718016148678,0.9891204968247078,0.5794072576085779,1.1580935233587062,5.266920687764721,0.032908087605944436,150.01093587857144,596.7810254981372,4.2339139680790945,1.8851996789862255,1.4194504429003536,-0.5232784729892044,0.9875239177911912
132_aug1.jpg,0.009193450848649708,3.0122378321062113,0.9902199489389986,0.5840595283826515,1.1264671539353674,5.2224288794968565,0.037001313431418006,154.1008696857551,613.3912409109141,4.216048963171434,1.7035933019956686,1.3937730015274314,-0.5299658523979733,0.9878870513977858
132_aug2.jpg,0.01937451769459916,2.319519618957821,0.9924313230872049,0.6485410283793228,0.9217190892752689,4.881446082308539,0.0829418825556466,153.20149492359417,610.4864600754188,4.066321102247167,1.4319567449303112,1.2765430879637392,-0.5757429366423775,0.9898894515368919
133.jpg,0.011003324430545832,2.304867007275027,0.9784973924723672,0.5764902572367647,1.0665408639769742,4.921523300245756,0.03792161487812041,53.616596035196594,212.16151713351138,3.8821370252061165,1.1492276750433035,1.32268606137159,-0.465753208897002,0.9738795765901882
133_aug1.jpg,0.009182480098270458,2.3966496131278525,0.9814123529649451,0.5636862142814989,1.1037133229667233,5.052460838642521,0.022858327333994694,64.50797727719758,255.63525949566247,3.976784857969894,1.1592409175279048,1.3388074367299605,-0.4695872711955475,0.9766520850527785
133_aug2.jpg,0.009904318571838228,4.3191689341454005,0.9530365893205677,0.5331063348389062,1.3474861166161765,5.071998057649309,0.030114229116407903,45.991662934517464,179.64748280392445,3.8176567802718564,2.4950536734925617,1.5073866116455767,-0.3936346345636653,0.9570928512485163
134.jpg,0.008740505122376624,3.5869921270798573,0.956645244683536,0.5175165019563956,1.3211306943562233,5.13352565376071,0.021557021199203694,41.42915977059587,158.77622178097744,3.8769101246978597,1.8206320057908119,1.4794159658506643,-0.39751438807275047,0.9591968216009441
134_aug1.jpg,0.010719733627615842,9.82568496454746,0.9608167276869131,0.5178197898375738,1.6947901849242692,5.215015684632743,0.060969129392265425,125.4792493491737,177.63976684148633,3.6520646369032685,6.940538680908418,1.6967564637552048,-0.3724844231038836,0.9525174952164188
134_aug2.jpg,0.012427520020630179,1.9714755058404108,0.9685170822414688,0.5989671936169524,0.9756969968082021,4.7406285491014675,0.027519529347075532,31.35389517097627,121.91980795939773,3.7596174636062996,0.9978767428605104,1.2451960860395328,-0.4619698275723803,0.9695184263183575
135.jpg,0.028674076020543948,1.3820983643902114,0.9516509160540607,0.671391937056965,0.7526454285429531,3.993615806644277,0.07304721964320372,14.289259492854658,55.774939607028415,3.2372370231285292,0.8056454292606653,1.0749027811400222,-0.44922783338380523,0.9481427236840625
135_aug1.jpg,0.03693181815441398,0.8037307634970874,0.9698224631282795,0.7499581954639455,0.5397357195825443,3.736253600965008,0.08503706961891219,13.313678151618992,52.45098184297889,3.2302071783325323,0.5056355379011017,0.8821840600745645,-0.5452948574685302,0.9684482215999788
135_aug2.jpg,0.017870801786615348,14.596363135683031,0.6520426144433777,0.5579363167405298,1.9681229185141693,4.594384984154788,0.04570003094059406,20.974243427516697,69.30061057438377,3.474886155123871,10.722290611477753,1.577086531223118,-0.3749682412437419,0.9380249311897324
136.jpg,0.011205332203644594,3.2527727939205855,0.9521109787908872,0.5373655815864554,1.2544338924449356,4.977591765664622,0.031335105172041265,33.95810354317405,132.57964137877562,3.7888301245272817,1.6511256102030396,1.4492252715810783,-0.39937083197030887,0.9560959029984242
136_aug1.jpg,0.006645878657843432,11.900405734602147,0.8981323060291267,0.43959790818374334,2.103740117853213,5.5257501685543255,0.01912598786965492,58.4494203096455,221.89727550397984,3.8716939586694012,7.462328664127685,1.8837785204497854,-0.28100881168127856,0.9133512866598176
136_aug2.jpg,0.011867514093026414,4.176142520195006,0.9567663296490269,0.5704900403050878,1.1462147668366007,4.89396302284449,0.0324539071984814,48.43065595354106,143.55688601618144,3.7972972894816133,2.8336326678319526,1.3601191135136514,-0.4463271343384751,0.9684214505011595
137.jpg,0.006042362828806646,4.41130734993472,0.9822873960244095,0.4758016394155576,1.5269451644694654,5.527804613347119,0.023380097910988613,124.60422166515443,494.00557931068295,4.183568715744479,2.057161392367357,1.601354139538162,-0.4277373390767686,0.9746126561167188
137_aug1.jpg,0.006153753865841819,4.319067407958806,0.9816780365162159,0.47684196145543806,1.513779570973712,5.4968216126018525,0.02299431327652429,117.93962791020434,467.4394442328585,4.158660782042691,2.0061353561934556,1.5909099438114274,-0.42605413766904143,0.9738047442103349
137_aug2.jpg,0.004690659508003153,16.747453596273203,0.9402366065716005,0.4500246907824371,2.3679101471204564,5.872980003359359,0.013425342290930835,140.12099501018594,543.7365264444705,4.266511808908504,11.133269603372375,1.9241121109386887,-0.372798464212338,0.9652618356584179
138.jpg,0.009261703771947953,5.443539172185721,0.909529671079991,0.4669362328099637,1.597834966568081,5.12596117003589,0.02442247359152408,30.081125519351644,114.88096290522085,3.704921574802528,2.869323714965723,1.6327498559170064,-0.3111073249920226,0.9199907754012501
138_aug1.jpg,0.015590230864684576,7.460421909075777,0.9750992713088047,0.5429384502607828,1.38609856471769,4.888727070216122,0.0836523853521933,149.9602117593771,154.67959841832027,3.4878118875769824,5.519769035896778,1.5233495478601111,-0.4073628626775891,0.9573820857072746
138_aug2.jpg,0.01208234876117786,4.279158301432814,0.9634743025997072,0.5553249195507802,1.207009123989433,4.870432213704,0.03140282902812539,58.69147655913761,126.83891594775724,3.676995587504189,2.795184439726199,1.401899909414689,-0.4170291872560771,0.9596585505601212
139.jpg,0.0064285465976999375,3.7994736660065067,0.9835030087564454,0.4968507398715676,1.4092574398360087,5.4269494993695595,0.02300579956575779,115.28657221944553,457.3468152117756,4.187494468651688,1.754566541926,1.5211802264803782,-0.45496646318510736,0.9784387523007204
139_aug1.jpg,0.009866241302855044,2.0225142915817975,0.9908720089992318,0.5994119347371161,0.9919378085682432,5.030227401700774,0.03289486257449644,110.8479314036228,441.3692113229094,4.12695421890723,1.0022207573531932,1.2768312839212954,-0.5436728525241676,0.9877774076834506
139_aug2.jpg,0.006428546597699938,3.7994736660065067,0.9835030087564454,0.4968507398715676,1.4092574398360087,5.4269494993695595,0.023005799565757795,115.28657221944553,457.3468152117756,4.187494468651688,1.754566541926,1.5211802264803782,-0.45496646318510736,0.9784387523007204
140.jpg,0.009259305410005157,3.0414746207891827,0.9625254500207502,0.5434931902021825,1.221499114532156,5.085290861663374,0.024525729789003366,40.57247181774626,159.24841265019583,3.8888273389924706,1.538157653014782,1.4382420949533614,-0.4149160967910855,0.9640541244523912
140_aug1.jpg,0.007880594745212514,22.18473866209109,0.8484055588618713,0.5038565584134207,2.370446669721763,5.41009377001519,0.02232351795138657,73.20622976122169,177.81743239755681,3.896726697964172,16.55962233187588,1.840888304913749,-0.38086553449854976,0.959747361950277
140_aug2.jpg,0.01420678192809561,2.9580868158294713,0.9568643525558875,0.6265713926740031,0.9392781286197054,4.653229422386998,0.0337172798889739,34.382289441573334,111.10811732471669,3.710080991235147,2.0595326066062496,1.2230453471829743,-0.47544983588341205,0.9714829760735598
141.jpg,0.00894596770902693,5.329168220293582,0.9548593399970317,0.5371857874634364,1.3830116789885354,5.0892556759637255,0.025322913318332797,59.114205585794586,231.12765412288473,3.909917285448893,3.361990206390367,1.4999151156409296,-0.4256993499190461,0.966109916529404
141_aug1.jpg,0.012383220125015764,2.887068916824296,0.9785769577596566,0.5962606745374479,1.0715549140920557,4.874742252114294,0.04995509208175704,67.40229310369288,266.7221034979473,3.9090452450693896,1.7124084783492044,1.3314627544484434,-0.4932562749519912,0.9786420799091337
141_aug2.jpg,0.01030087737675379,4.579014223722276,0.9525143035277285,0.5509436087214861,1.3034299528554592,4.934457570714124,0.027700310725383048,48.28203915512003,188.54914239675784,3.7904316128955884,2.83628874011501,1.464987158328035,-0.4170433251993908,0.9606308231460098
142.jpg,0.013522058987024091,2.0663533834586465,0.9738849508267784,0.5837702262770732,1.0256679723784987,4.6226547149672825,0.03606393606393606,39.6249550373197,156.43346676582016,3.661947544429651,0.9924866139091058,1.2841807102986609,-0.45623608417938527,0.9660235010945798
142_aug1.jpg,0.013522058987024091,2.0663533834586465,0.9738849508267784,0.5837702262770732,1.0256679723784987,4.6226547149672825,0.03606393606393606,39.6249550373197,156.43346676582016,3.661947544429651,0.9924866139091058,1.2841807102986609,-0.45623608417938527,0.9660235010945798
142_aug2.jpg,0.015181818586160226,1.8184796073947018,0.9801543335916473,0.6105379365437633,0.9434113144018805,4.5482080166198955,0.036355695317959465,45.879524644752365,181.69961897161477,3.6893356476844033,0.8862931528080653,1.2283874393303913,-0.4948704581536233,0.9733453020943357
143.jpg,0.009111177820335506,2.9002808861419433,0.9740834064015699,0.5459997595098414,1.2039232257138324,5.010434337077028,0.030195165811604165,56.025102882427525,221.20013064356814,3.8959373932785493,1.4266926740170158,1.416644979231406,-0.44549775711043255,0.9705512771960987
143_aug1.jpg,0.010838717021098612,2.8565663888658017,0.9759216733654096,0.5639736451132589,1.1663663117968401,4.9477509942997155,0.05091693174863429,59.38697978405509,234.69135274735456,3.888931766931231,1.4684652149220843,1.4164954965378733,-0.4660758763313908,0.9742793732587013
143_aug2.jpg,0.01146639418284174,2.207308807895335,0.9829215530462441,0.5987041754967082,1.0178493999225706,4.866863476837252,0.047202957063584246,64.7185321459788,256.6668197760199,3.9337587591479015,1.135590100803383,1.3072411787487794,-0.5118746981971021,0.9814880667828917
144.jpg,0.008853777735646103,3.6432699598149973,0.9746578184305654,0.5423914190064287,1.2493452034944945,5.119640858840047,0.02482371673364167,71.91867680812415,284.0314372726816,3.9825406334377815,2.0408590125187867,1.430137545998589,-0.4522347376767607,0.9735231350144036
144_aug1.jpg,0.007397592602361849,6.756895160950624,0.962960814095824,0.4862403150267829,1.6519609143983622,5.407946180686002,0.022626599607416958,91.23194597023225,358.17088871997834,4.039494584399623,3.98995046517198,1.6666823957486205,-0.40132194552208367,0.9654769265995677
144_aug2.jpg,0.010245399511164252,2.4011966270652554,0.9831024270755797,0.5820899373805563,1.06433714014205,4.981411626278695,0.03028897483076643,71.10688381502004,282.0263386330149,3.9724462051524463,1.2156282103210727,1.3099466288705237,-0.49008683793198465,0.9786701573881558
145.jpg,0.007641105111133539,5.094912794345062,0.9852059091666224,0.5007423214940003,1.5173966086994708,5.4530274881783525,0.027252698391786727,172.35697335336647,684.3329806191207,4.191021667311471,2.758536868042858,1.6230757263682238,-0.44957380176784045,0.9781560389662054
145_aug1.jpg,0.006919360984028117,6.4762282191670035,0.9821650416323036,0.47813752643103913,1.714015379808677,5.58983971747722,0.03071850821269651,181.6536409317432,720.1383355078058,4.200069073418305,3.508458652700405,1.7319954608804629,-0.4186869417609197,0.9734551400381237
145_aug2.jpg,0.010268024136352043,3.1849565920752867,0.9912423809672799,0.5634227750086555,1.203004536807694,5.193337925517644,0.037420713397563546,182.0159408348403,724.878806747286,4.160496336995164,1.6975433329885852,1.451655562295676,-0.5127470522165325,0.9854980815645994
146.jpg,0.012136949095591106,1.742565650383888,0.9809410982444596,0.5814867402088033,0.9852954107401624,4.744542160936307,0.03680651746008602,45.725635466532275,181.1599762157452,3.809416663064043,0.7408570718120832,1.1964140261074387,-0.48874583330218124,0.9754218353610017
146_aug1.jpg,0.013348485961699411,1.5971055649120296,0.9844082267230949,0.5966991710670557,0.9365487750982431,4.695727825572076,0.03925180062349948,51.240098948056016,203.36329022731206,3.820132675660418,0.6873778166210014,1.1582893319210168,-0.509584979492968,0.9785669906078098
146_aug2.jpg,0.009630718301094996,24.485340410506073,0.76856405985987,0.5064632910546666,2.458164668229355,5.127606430299849,0.028205012621709342,52.8982292467617,187.10757657654068,3.8732472291529927,18.431547060235324,1.72003760331603,-0.41692992802982254,0.9655033574909615
147.jpg,0.008821735355494811,2.4024499219135294,0.9759682230550261,0.5478206302860644,1.1367465272069703,5.053668573829627,0.023513747328620747,50.00298892165556,197.60950576470867,3.9364809428505483,1.0952797541256358,1.3424901458000587,-0.4486470369770175,0.9722285297925984
147_aug1.jpg,0.008131296461459232,10.034598882130528,0.86009211132385,0.4777628901597735,1.8479162419858624,5.229590399990167,0.020709949860266315,35.86334209150964,133.41876948390802,3.786636254822553,6.613664738849671,1.7106202807540094,-0.3389392904556421,0.9385542946189691
147_aug2.jpg,0.006912813724467737,7.650881061975999,0.9252291734598046,0.4820248428747338,1.7039895610718394,5.391184887790497,0.01952685763603485,51.168072126738984,197.0214074449799,3.9481645969458237,4.739883573547201,1.6709591301253974,-0.36195784280695575,0.9523669114825694
148.jpg,0.005281856333867007,9.761901994404539,0.9155512335817089,0.44486979202385735,1.9431616628015507,5.7025009031951415,0.012586616408313387,57.796879355232775,221.42561542652652,4.088147448929239,5.948664875235391,1.8015648977969498,-0.33091619061241906,0.9453248134140518
148_aug1.jpg,0.005544854815877315,9.308912434035777,0.9153323195245512,0.45027907627192554,1.9012502088244982,5.655657195804059,0.01340850004495119,54.97177762218015,210.5781980546848,4.0606357939395785,5.659913747643001,1.7843237631999809,-0.3312700941569887,0.9444826151138572
148_aug2.jpg,0.005909891346590729,7.637042018237812,0.9462308601944925,0.4831914928860448,1.6890640869813094,5.5789941486398655,0.01406576582902615,71.13872069124251,221.22830213067243,4.061056791991476,4.740084208943136,1.693352117302151,-0.3740606936025479,0.9597722930126358
149.jpg,0.005516105971529571,7.701191250609854,0.9488371292258257,0.3895327050142128,2.081335040928064,5.580600874311003,0.025612565728844797,75.33105920621378,293.62304557424534,4.043504007452546,3.340404621447633,1.8523687685124066,-0.35027355461832815,0.9517031158091026
149_aug1.jpg,0.006328029261528241,5.872656662443247,0.9687690360678971,0.41813584084666355,1.828807896033506,5.514221125837076,0.028457924189631507,94.14535975632442,370.70878236285444,4.101722927809028,2.468289362398639,1.72133411330702,-0.3966386958124391,0.9660550631932412
149_aug2.jpg,0.005231447491658549,7.8802850734536785,0.9504461800825483,0.3824584832084008,2.114622635116821,5.6301270734804145,0.02265002439421044,79.5900322559762,310.4798439504511,4.074465976335354,3.3756761005095743,1.8594969520346054,-0.35146583106715046,0.9531242826849773
150.jpg,0.006246135757370803,6.856454301822191,0.9845579799192838,0.4612784235618732,1.8004943052096103,5.758066233087766,0.0326257239605242,222.15584936859472,881.7669431725567,4.418290771445706,3.5701933946990834,1.7720460835131628,-0.4644050153259467,0.9842222158285794
150_aug1.jpg,0.0082599468588367,5.837220456739158,0.9831656940748528,0.49826158836032597,1.6244030677165608,5.481924368296333,0.03719653849589291,173.55250702395907,688.3728076390971,4.252964260769055,3.1642496045030617,1.7073134683828486,-0.47144466680434033,0.9825849093215365
150_aug2.jpg,0.004875725050521268,10.392475887041915,0.9765301123290593,0.4222857743184786,2.149345031882234,5.971847932885019,0.02724413854299535,221.49985220257292,875.6069329232498,4.444115473302973,5.733532427273288,1.9163035241253357,-0.4165042092218727,0.9778848827367419
151.jpg,0.01351255886111229,2.2005495226450833,0.973359349293274,0.60854410715067,0.9767432402244031,4.663385432577588,0.032952277119272066,41.31802375235425,163.07154548677192,3.691803258241706,1.2352427659449214,1.2621660087291162,-0.4594782051055032,0.9680408488665886
151_aug1.jpg,0.010649914360220253,20.529618801003018,0.7997134942175568,0.5268780018824851,2.29389816146585,5.063228472380953,0.029689973183304547,51.25156187716622,184.47662870766186,3.8009591811902803,15.262605721786898,1.7030697318672223,-0.38456742601014154,0.9537418736029118
151_aug2.jpg,0.019946735319658262,1.1640491347229096,0.9819884579110317,0.6927513662742806,0.6968508359456634,4.260384627008688,0.04650717703349283,32.33080802022846,128.15918294619092,3.558879886494715,0.668345478375842,1.0480469600146345,-0.5294492512562419,0.9759057385752818
152.jpg,0.008820955847065048,9.822563320966958,0.9029502712190416,0.5083687729210639,1.7541677395102317,5.211446441392722,0.027532774243300556,50.705720271831666,193.0003177663597,3.8345113533193627,6.5760241013611695,1.6887515696968096,-0.360065123139438,0.9438308061413794
152_aug1.jpg,0.006626868516441578,16.772266433257144,0.8478659437553988,0.44659214206130415,2.3541827754289057,5.495867393308194,0.019429664118131608,55.17811061538026,203.94017602826392,3.891813197246704,11.096231522780954,1.9196421175068976,-0.3040620387240661,0.9242461893140974
152_aug2.jpg,0.010061146774211983,4.572263110986021,0.9601434949787105,0.560076897807054,1.2995844557918859,5.016243380845177,0.024579563882969453,57.40769929083794,225.0585340523657,3.872703558939369,2.829152482472674,1.4936166399424078,-0.43646539571706977,0.9679721451727468
153.jpg,0.020005787745068653,2.080862622826909,0.9640534731863142,0.6026171736633181,0.9908695754871998,4.448812457376156,0.07113128614972558,28.946804975963172,113.70635728102576,3.5021125990368245,1.0804137035776022,1.288166738318117,-0.4350251508290079,0.9558392604392006
153_aug1.jpg,0.01865375952556108,2.572772298834993,0.9654206511343489,0.5779247978262995,1.1003223436113578,4.606686038837041,0.07431906035361004,37.20170595481898,146.23405152044094,3.573421784981484,1.339002402418064,1.3702876139366111,-0.41981740949292945,0.954662573449204
153_aug2.jpg,0.019050931598226146,2.2771642337490556,0.9607105134163334,0.588706915964452,1.0423015205478325,4.501106706744592,0.07067494721318479,28.98215309701106,113.65144815429518,3.507131424255781,1.1716686366024445,1.3239636714669947,-0.4199660035670732,0.9521245128103083
154.jpg,0.009125927979897553,10.245510607513388,0.9248337853556626,0.5539780686184712,1.556371747608916,5.351948205265491,0.02468410249098872,68.16690277741989,262.42210050216613,4.084826908852319,7.757384681364924,1.5679847333657548,-0.4278619021128242,0.971828578981882
154_aug1.jpg,0.008586737365072513,15.76059334824639,0.9269248188904381,0.5148820580508706,2.0321912935007567,5.56460864614718,0.03441952816063149,107.93951182383148,261.73825283398696,3.945770358120952,11.554244089577677,1.8118121590697593,-0.3729345705314242,0.9597088364093245
154_aug2.jpg,0.012352293016079544,10.211446253228761,0.9013133143708888,0.5417811560220652,1.592424028186432,5.156480107346093,0.035376649892261525,51.74127782002097,196.75366502685512,3.865022200369258,7.614278641047983,1.5911834324170069,-0.38314260677393913,0.954734588767569
155.jpg,0.01052712451344754,2.565914236888207,0.9752882419280083,0.5623500209241445,1.126652254591328,4.99577600719464,0.03429815917301615,51.91703720251929,205.10223457318895,3.924775136702741,1.2767995655356565,1.36550259530615,-0.46160643872899226,0.9741464597594552
155_aug1.jpg,0.007003591411642619,24.143793790706027,0.7997045382947893,0.4570728860982793,2.7595444638379565,5.563933471639809,0.023576226353982713,60.27031160414754,216.93745262588413,3.9903942948646525,16.52523408545565,2.0077688443304202,-0.351434812680056,0.9518483348786756
155_aug2.jpg,0.006878949450973797,32.587931308768376,0.7413385861231068,0.44970147026142004,3.130760996189328,5.56942389083618,0.023131844204072646,62.992221968933826,219.38095656696692,4.013593405925753,22.776172826285347,2.0563332752856436,-0.3625096386232983,0.9561297441353369
156.jpg,0.022207838633707132,3.2995608601740676,0.915530786799283,0.578826929239628,1.167806206721301,4.437663024422944,0.07644685852233023,19.530610271323965,74.82288022512179,3.3439432466521515,1.917822926744066,1.4218600337814191,-0.3500684900139051,0.9194976704355179
156_aug1.jpg,0.015575661027871402,5.489946328718817,0.8680356319234146,0.5072952023975961,1.5448094121031812,4.749948329109338,0.05287949216207224,20.799656437000884,77.70867941928472,3.4153524416411507,3.0916797990488973,1.629270853509619,-0.30332807691205055,0.902686490669684
156_aug2.jpg,0.021770680969784937,3.2717842735531417,0.9157993746792332,0.5786381740600679,1.1648302998538846,4.43722552932377,0.07453266946191475,19.4280034030879,74.44022933879846,3.3458839717576225,1.8970285921724714,1.4203176511453321,-0.3504057247213279,0.9196868567789156
157.jpg,0.013145043450954498,1.6622744867629777,0.984639186809225,0.6223321123582657,0.8959153381467959,4.72595615185532,0.04513415851331452,54.19362330649883,215.11221873923233,3.833006747759984,0.8476838474897024,1.1947815385060232,-0.5032541248962912,0.9784974342667266
157_aug1.jpg,0.015342645152637831,1.0999922277657919,0.991326323305912,0.6869492723856199,0.7018686064549737,4.532168650944632,0.04693189073751372,63.466993284566904,252.76798091050182,3.8588494634340726,0.5877465420930851,1.0384951007476588,-0.5796106980327896,0.9870482011859014
157_aug2.jpg,0.015683325483301043,0.99965195157834,0.9925883542008611,0.7020708098531974,0.6605386767773768,4.514947490589892,0.04048747770739807,67.48727991056566,268.9494676906843,3.8892393606496882,0.5452880823851931,1.0030838057233178,-0.5995623249147471,0.9890650378372593
158.jpg,0.006894832018920691,3.198727995163477,0.9889419469896883,0.5368258272823008,1.2550888240319387,5.402156723722992,0.020703035607979255,144.68322142421988,575.534157701716,4.2464942248141,1.6039379640206288,1.455895199256389,-0.48502361003558897,0.983850548356122
158_aug1.jpg,0.009828355493640327,2.1421684388079494,0.9929927488083061,0.6096103844495664,0.9844087127296528,5.127031535247195,0.03412703390611413,152.87220669283212,609.3466583325205,4.202284672730031,1.1552226760338176,1.2924879507887348,-0.5448960440971728,0.9889314630713747
158_aug2.jpg,0.0092526194135232,1.916291632205228,0.9937751631967304,0.6203320184381866,0.9358146584930465,5.152805227217322,0.03325062824218602,153.9433479264074,613.8571000734244,4.260822454579272,1.0228653642558665,1.2520750045130424,-0.5610019305316755,0.9907273054477456
159.jpg,0.005081992225520896,6.3356321520856405,0.9768990427874201,0.43652942406702316,1.7900502224553634,5.664082444494753,0.01658516446154145,137.48450082550744,543.6023711499441,4.241105286336712,3.032885626637064,1.7143159365368306,-0.41335041174009785,0.9723505141525259
159_aug1.jpg,0.008877552091136623,5.247766676250718,0.9846183491719704,0.5018878029441214,1.534730807935595,5.377578725432406,0.03980083141652291,170.6780939882246,677.4646092766476,4.173850841476545,2.742631123993401,1.61433483340288,-0.4656620727858014,0.9792754008709903
159_aug2.jpg,0.007225715159234534,5.892456324469899,0.9836503658358726,0.4872561500620537,1.6277635386232674,5.5025358613826745,0.024649382794179175,180.42955561670232,715.8257661423394,4.240990535659305,3.1252426704541243,1.6694906349414969,-0.45733746745333975,0.9796383784879037
160.jpg,0.009484672421023225,1.7135626571407576,0.9911824455964289,0.6420441712839839,0.8684245032909064,5.087278617411529,0.03480823287061087,97.18137694035394,387.0119451042749,4.231340101505388,0.9459489780804975,1.2144903542479044,-0.5733063200872193,0.9913732326722096
160_aug1.jpg,0.004503187881979075,43.345137895690314,0.8144767983866028,0.4333554083907309,3.610127351791039,5.969516508031269,0.02260290362764619,116.82289204456436,411.6792939963084,4.251344241573255,30.30700654834712,2.242142171116399,-0.35616858463304774,0.9614725576878561
160_aug2.jpg,0.011766936212143576,2.013561519175292,0.9891216927671165,0.6826825772578695,0.7485552068452594,4.885422368965779,0.042181845302644516,92.60441364724669,361.4559101060544,4.152731188154724,1.4414787552657986,1.0932884148589967,-0.6050836562457342,0.9925613330932606
161.jpg,0.020277755348558982,1.7321429470131369,0.9840672573144993,0.6459612466319995,0.8587804652077833,4.504562170107786,0.0767829446470974,54.42071220323953,215.950705865945,3.6745165694286377,0.9843745615576037,1.197033813042487,-0.502284822301841,0.9749300642394138
161_aug1.jpg,0.01890803906552646,1.9001764153588634,0.9825591968518598,0.6280978877380974,0.9135728060377142,4.568433437249748,0.07302126069374629,54.5342733284238,216.23691689833635,3.682026124180241,1.0551779000050818,1.2341848255619579,-0.4844815823301943,0.9722868007469573
161_aug2.jpg,0.07914194326773974,0.9425816396386786,0.9891283397422793,0.7649042707709863,0.5435322868878695,3.6476468262394466,0.24549122331282525,43.42672347647084,172.7643122662447,3.1396473533699787,0.6400565129473198,0.9751598689344101,-0.5858742618619688,0.9749393611703785
162.jpg,0.005988791415046921,3.888698596135109,0.9920610855014076,0.5529275810834591,1.2906631148257777,5.602387371741652,0.018711461731365644,245.00373279697595,976.1262325917687,4.441787402830791,2.1948853977746943,1.5108928504847765,-0.5117981496291695,0.9890657450579038
162_aug1.jpg,0.004676204003942999,61.92049055095278,0.8640851206099202,0.4262278464478827,4.159873233982901,6.104129294517394,0.01658551048704529,227.79764771365961,849.2701003036858,4.412207348930981,44.60679393635591,2.2091195041154412,-0.3653202794430021,0.9663915412731419
162_aug2.jpg,0.007161897039944366,3.459981092227121,0.9938393228357316,0.5889962634186879,1.148845901002404,5.489699785930883,0.029786079468428886,280.89384983465123,1120.1154182463779,4.450112805874719,2.1114842333445125,1.4286564012779026,-0.5464515447712937,0.9916576242378152
163.jpg,0.0031699224878685723,29.68446259326477,0.9260761813734601,0.27118108552619874,3.8538929939792013,6.017336884848047,0.011619386108950537,201.74969548586657,777.3143193502015,4.37997937104792,14.464970146563536,2.389460342791166,-0.4013173943866002,0.9749581542022231
163_aug1.jpg,0.005253242299986968,22.15439458689459,0.9521934709225557,0.3397986130096463,3.2217165242165247,5.754056736700976,0.021140788224121555,232.20911920718885,906.6820822418608,4.274277492466555,11.43050274797384,2.2405565246329306,-0.41626852011817045,0.975066724786613
163_aug2.jpg,0.003140588202645601,32.058249971192346,0.9264743787969626,0.2774267390212511,3.970689115028952,6.037839334817305,0.011880455448967245,219.06463131190463,844.2002752764262,4.413881994244474,15.90118306219059,2.4285757953932725,-0.40525350624447665,0.9762120111098891
164.jpg,0.002703953794839745,25.08929363175464,0.8798984476804181,0.3323052213694189,3.310288604286444,6.449262484611195,0.010851269225022497,104.44811696178394,392.7031742153811,4.353551946935627,13.968558976188039,2.294900617808418,-0.2560308808502252,0.9195457799051591
164_aug1.jpg,0.0025291677453627105,34.5827531539688,0.844842091296056,0.3105277006386623,3.926361276081816,6.590096170435278,0.012213829616018716,111.43153933398901,411.1434041819872,4.359786531588712,19.066970457234,2.4482692793020453,-0.2263726239359411,0.9007051030006831
164_aug2.jpg,0.002077702563307194,63.61062917672495,0.7214608234914666,0.28461515197322707,5.121368308242993,6.726954582101978,0.0080371042204185,114.18272063566866,393.12025336594974,4.351015894525349,37.30106130135778,2.6664840344324063,-0.20460331374237667,0.8834989052206019
165.jpg,0.007357918137467687,2.833430924328184,0.9918074690124418,0.5509406531024671,1.1862483089959777,5.348279970303513,0.024671994352947344,172.9940041355862,689.1425856180167,4.258481823895304,1.3978133886901032,1.409721297888502,-0.5061318823982758,0.9861677396460067
165_aug1.jpg,0.008202416415844096,2.4030776234861757,0.992839201131027,0.5785150160144085,1.0807649810205129,5.249492289202954,0.027327553307354552,167.87947896990693,669.1148382561416,4.261942925824,1.2069942973829475,1.3472295753858035,-0.5353604837644564,0.9888185754560626
165_aug2.jpg,0.008230984374905248,2.332112634153451,0.9930291164726364,0.5815231808450424,1.0657259155558476,5.248887892866637,0.02916877151571029,167.3679133601443,667.1395408064238,4.274337610332292,1.1677862907266525,1.3324479245815677,-0.540563323316323,0.9893308486963557
166.jpg,0.012797493177882572,4.669602371403467,0.9681886032775047,0.5653737429338974,1.2392783144904704,4.92334540842928,0.04459756844695683,73.4568143359771,289.157654972505,3.837985416090551,3.1122732178520804,1.4447511088443439,-0.44798410491914764,0.969849007430036
166_aug1.jpg,0.015355604035893141,2.5903491877099305,0.9819559981517137,0.6110806674525676,1.0228934822754827,4.78520241110742,0.05548146921460784,71.86333445541459,284.8629886339484,3.8213041531157836,1.5227125410744478,1.3301853756733677,-0.4845475552364733,0.9756108767233743
166_aug2.jpg,0.009268386594185123,44.173737460639074,0.7584490522259656,0.4850567534689987,3.260149170284736,5.391723269216609,0.03920023365094241,91.43939443911182,321.5838402958083,3.986432565898582,33.540003206880634,1.9270702773161992,-0.3704537577020001,0.9556621450157435
167.jpg,0.0043442370088656165,11.865401808412292,0.9618739821815836,0.3791840039747456,2.3125768341732083,6.03737919642321,0.018535384635095905,155.60504477876646,610.5547773066535,4.327350285002625,6.483012299254428,1.9516981353068865,-0.3547401788445396,0.9619568254667743
167_aug1.jpg,0.004805780779935188,7.004025382252488,0.9759080343546055,0.44430341527473705,1.795832262592088,5.826197250113894,0.018944210234935588,145.38767262318058,574.5466651104698,4.3561041565378735,3.724376573783699,1.7375602483032693,-0.4171048781883888,0.9759274405693457
167_aug2.jpg,0.00555546181917501,6.992784226477552,0.9741401558983218,0.446127152623069,1.7967222748923577,5.756424171723902,0.02769467205007145,135.22551116285382,533.9092604249378,4.2988939656019145,3.716583078736374,1.7423438341679889,-0.41273544889277947,0.9741079558379001
168.jpg,0.016172109507118396,2.298666983949876,0.9874977985727735,0.6114866608930931,1.0017477304747175,4.933031338056253,0.05227555398749831,91.90493520769931,365.3210738468474,3.9928608435860893,1.2843225435888925,1.3250640380957603,-0.513246360158649,0.9830200533590853
168_aug1.jpg,0.009361552763850818,9.739485029211409,0.9357179891935152,0.4927017062366374,1.8255323741952103,5.40856502347044,0.03094533868124184,75.75281615601266,293.2717795948392,3.9267823922631298,6.403794023174778,1.7686834915742895,-0.34706309965568893,0.9468610561467904
168_aug2.jpg,0.02194300872990295,2.137944591257119,0.9878875235497455,0.6775676186278432,0.7878121810938956,4.635247112061925,0.06303429002531866,88.27497656513847,342.1875343070858,3.886375067785977,1.5045817609570662,1.1507282769801581,-0.5663029240692932,0.9867734568366604
169.jpg,0.018391325058876057,1.8532796957454494,0.9823092819828293,0.6352807438837587,0.8939684898589009,4.566346176242015,0.04411229582462459,52.34955347877477,207.54493421935365,3.7262385267448552,1.0397426571116468,1.2202713943915386,-0.5033630890734073,0.9760711138950372
169_aug1.jpg,0.01860853956003153,1.8329129527759664,0.9821353943478374,0.6379528833564173,0.8864510474099516,4.551024208724052,0.043890516493256225,51.27064409739473,203.24966343680293,3.7165513579882026,1.0329801764459148,1.2150737820375124,-0.503542018888555,0.9758534658205921
169_aug2.jpg,0.02167440647453031,1.4905352000940237,0.9849110833346153,0.6707561330500489,0.78549072410965,4.41874847137772,0.05203548050415058,49.35824944180741,195.9424625671356,3.6939426863770017,0.857518490524166,1.1442623419168374,-0.5399055894742583,0.980253006686052
170.jpg,0.007362003648266878,2.936498805174792,0.9822808493760128,0.5339201746349516,1.229980434232079,5.242773431942661,0.019415081199620675,82.93630169571819,328.80870797769796,4.074447835497647,1.3959342933365517,1.4197870685953058,-0.4568412521589646,0.9766572674837161
170_aug1.jpg,0.0057350638921701315,11.845581256326271,0.9214102352510168,0.4541950563312933,2.1192441386036145,5.640725814985761,0.01926660041852901,75.3870274759941,289.7025286476501,4.054189702858935,7.3401875198794935,1.8548760858009752,-0.3403421644585499,0.9485885048672896
170_aug2.jpg,0.005962132137912043,22.57910603086615,0.8691076680946711,0.476350351862064,2.4665445813277573,5.593593449888576,0.01723362003208922,86.2586283922507,322.4554075381367,4.113414808659062,16.48503948509493,1.8556195815830123,-0.37995367926060897,0.9625108431378185
171.jpg,0.008513022311706225,2.036741346480187,0.9829998358513624,0.5761040787672917,1.0356416847295358,5.012637975508458,0.020522464587406586,59.9675001227848,237.833259144659,3.995538040878458,0.9411374702457479,1.2726603156506089,-0.4891656081465101,0.9796902600451711
171_aug1.jpg,0.007174793431979598,4.1116058879748145,0.9624361661852839,0.5220418698358927,1.3548745281270627,5.245338610831445,0.01634625895595575,54.757248940029,214.9173898721412,3.9812106360423294,2.2597026835484018,1.4992772405578467,-0.4158006908783539,0.9670584690696685
171_aug2.jpg,0.010231133257988235,1.4241482627001418,0.9883731675072684,0.6282168337962865,0.8543812895528582,4.831594280948673,0.022461576451568283,61.29181251648726,243.74310180324886,3.997895919629763,0.6766497810003715,1.1362341535869964,-0.5434487119615439,0.9858600827605104
172.jpg,0.02136528562789715,2.3123359074417724,0.9832919209328357,0.6309421997732607,0.9670066145922446,4.760660676062286,0.09146220930232558,69.1999804660789,274.4875859568738,3.881864354591613,1.363093154088915,1.319560488499639,-0.5251353223660351,0.9826813438350559
172_aug1.jpg,0.02076622437222097,1.5573041422256007,0.9932787444252333,0.6727668439413854,0.7939058037287513,4.790025895783198,0.07577465358283123,115.84782807220977,461.8340081466134,4.042851541837131,0.9090892304920806,1.1779530380234826,-0.5927997404911273,0.9908626128365741
172_aug2.jpg,0.02375903899807815,2.252409941849497,0.981460053291563,0.6333858228844713,0.9565423400806342,4.668759373019756,0.08390398860680082,60.7416286903686,240.71410481962488,3.7919220876531616,1.3247277051804902,1.3147633433318304,-0.513028015830014,0.9794995272428441
173.jpg,0.012297868441931547,2.985210573974006,0.9915515828893864,0.5815109937801725,1.1359119445136303,5.137343827305916,0.052511341198850675,176.91068292909048,704.6575211423878,4.13371519904806,1.6623479425129384,1.4046350899555355,-0.5169437053420547,0.9855249382566795
173_aug1.jpg,0.01321259493556053,2.314302042372454,0.9940359258344266,0.6172882441888232,0.9932008394314146,5.041317451387764,0.05301528422487474,194.19859612745466,774.4800824674462,4.172798241438749,1.301797078398574,1.3171500065594701,-0.561301444929365,0.9898550058089584
173_aug2.jpg,0.013885470141898792,1.938458247968609,0.995437865491757,0.6535694006501713,0.8753567256792524,4.956650715982002,0.05117451009329352,212.53598815165103,848.2054943586354,4.189781655457325,1.1484856783863475,1.2370920350894727,-0.5948321687633774,0.9922034320153814
174.jpg,0.006248997666527597,5.225996952059512,0.9604020715771405,0.4735137266028952,1.5808701937058978,5.416227169854923,0.022100505502747544,66.00614434557697,258.7985804302483,4.024410958245733,2.6789182358235037,1.6213719967670512,-0.3847374096995354,0.9601969065632495
174_aug1.jpg,0.004299442768688394,60.503061914721954,0.6723173257149173,0.3919127209401427,4.247620737820567,5.906687304736031,0.012402802812803686,92.32258402975096,308.78727420428186,4.155440141705441,42.4245287461636,2.2012016078796677,-0.31845530167043135,0.943609852655319
174_aug2.jpg,0.006401113039735663,5.4351821148564445,0.9587810900595084,0.47941714192053986,1.5992484815881842,5.4359151700724055,0.02377746922725079,65.93981383404329,258.3240732213168,4.020952904961413,2.8420599383576652,1.6461142860988325,-0.3789606430499393,0.9588251631671997
175.jpg,0.006856990710222366,2.3429140140676554,0.9844445200551742,0.5511047472065844,1.1226246669849749,5.239858388917792,0.015306775279352215,75.32151387617841,298.94314149064604,4.124111652903432,1.0719611939784786,1.3348558998103033,-0.47943074956314813,0.9812327822054774
175_aug1.jpg,0.006856990710222366,2.3429140140676554,0.9844445200551742,0.5511047472065844,1.1226246669849749,5.239858388917792,0.015306775279352215,75.32151387617841,298.94314149064604,4.124111652903432,1.0719611939784786,1.3348558998103033,-0.47943074956314813,0.9812327822054774
175_aug2.jpg,0.005916709914646478,2.794730281323034,0.9834585993577645,0.522845143688963,1.2364926838186179,5.385757298676877,0.013327943182977477,84.4912302926827,335.17019088940776,4.181832550610926,1.2525633673604064,1.4064906882863732,-0.46328424073955704,0.9801034379062262
176.jpg,0.013345731020434317,2.056539143587336,0.9807457308311178,0.5994686696693973,0.9914844563438941,4.713692676519962,0.041936058326620576,53.488304737471154,211.8966798062973,3.7718986750160752,1.0597875922328723,1.2759001052550003,-0.4803986051532494,0.9738336341592866
176_aug1.jpg,0.017826626785091525,1.4781011419513457,0.9877342127559264,0.6500057626865567,0.8233427259037673,4.526644976996291,0.06268712195022937,60.39842552195188,240.11560094585616,3.768657237316162,0.7814336365273822,1.1550895241523942,-0.5385863107857539,0.9815530071431717
176_aug2.jpg,0.012615501688890479,2.267063914629176,0.9785623053774075,0.5818965637872974,1.0524299096337248,4.766301294980455,0.03945406445406445,52.95420719762021,209.54976487585165,3.7697922649680566,1.1443526171308251,1.3168329541892576,-0.46230974835769345,0.9706482999278406
177.jpg,0.013660042810872134,2.137349203918802,0.9680689080356217,0.5788069304340117,1.0370519166384047,4.721059133461275,0.03545894335061487,33.45882175039639,131.69793779766678,3.6907604694797804,1.0514356126620736,1.2846828905226486,-0.4368745501559659,0.9631122626441513
177_aug1.jpg,0.01812799353218429,1.2378971179241098,0.9800862246403431,0.6697751093930479,0.7496740683989597,4.426555140255555,0.04438920149708567,31.071347785803106,123.0474940252883,3.679123841181347,0.6651878048264153,1.0749323468164576,-0.5252722693340259,0.9778703613289772
177_aug2.jpg,0.017786272973687324,1.3085366790621595,0.9801543075049977,0.6580852998215865,0.78185040172344,4.46884182830626,0.04964110224425866,32.95662974350767,130.51798229496853,3.684748759551151,0.6864634631156074,1.1023960945088243,-0.5149761937251534,0.97667008773179
178.jpg,0.00739115131094616,5.0098425665684605,0.9738253562423269,0.48246578250106126,1.5636807481628732,5.498416582388344,0.03501087550928502,95.70282210244572,377.8014458432144,4.133345389406532,2.549860385218713,1.641934138235929,-0.41117751186820983,0.9702426241706571
178_aug1.jpg,0.006989440670741524,5.223053625042795,0.9746476991285412,0.4757128657383596,1.600533581785513,5.556964659279284,0.03291558874771258,103.01210905118688,406.82538257970475,4.17077574923686,2.6450104814280704,1.659652201125981,-0.41103306062732614,0.9710941427840348
178_aug2.jpg,0.007600558755968295,4.807148835327648,0.9721718220058435,0.48684500681221576,1.5331339926416605,5.434471260963977,0.02974113480023478,86.37393771332144,340.68860201795803,4.085781596649887,2.4431009553633833,1.6244882753543033,-0.40773663187161885,0.9683069667043327
179.jpg,0.005179662160874955,5.588738800189439,0.9615337470387775,0.43653202957198933,1.7287341838952561,5.656250138960029,0.01278211470113343,72.70129664704444,285.2164477879883,4.158502102465722,2.5613890746252634,1.6899389781544087,-0.3761984941718969,0.9621109954162042
179_aug1.jpg,0.010518016425788467,5.6468782901540635,0.975050220193849,0.5315212600708024,1.371530413591667,5.275070506561661,0.0663891147160467,113.32022840535006,223.77582656535583,3.8711623824373538,3.72748782634122,1.5151282090222664,-0.45384074131400765,0.9764374727059268
179_aug2.jpg,0.005179243736358368,5.589037023787913,0.961530652699072,0.4365599070382372,1.7287391880878098,5.656294023679913,0.012777064808191161,72.69931905782519,285.20823920751286,4.158499519246176,2.5616808060598006,1.690012963528784,-0.37618691441832863,0.9621080647697818
180.jpg,0.007358357204604335,3.5961730620198313,0.9914348725902222,0.5581648103537042,1.2416864934800862,5.421822595407571,0.025117269468291983,210.26353579376317,837.4579701130328,4.304469510064894,2.0101823561344268,1.4680252380938237,-0.5055088815237225,0.9866174747807437
180_aug1.jpg,0.00820423783148029,3.2777562677811645,0.9918832638901262,0.5759533773405264,1.164750491653733,5.315563498190951,0.025903218999505796,202.27869172721995,805.8194971980633,4.271027593271033,1.864979766524381,1.418522598116208,-0.5226804783363442,0.9876524378027993
180_aug2.jpg,0.008007732705283162,4.316365330805281,0.9909797756880244,0.5930390094748507,1.1401219631849617,5.33907012281677,0.025545860089352706,239.4873755401305,948.2595405628849,4.321089086878009,2.9793194286751694,1.400192391573117,-0.5442200659230932,0.9903531318291044
181.jpg,0.01262695327269075,1.8294229434928524,0.9822293453666123,0.6188190103198531,0.9252773690654736,4.813395284828232,0.043194553267714084,51.49326098949403,204.1436210144833,3.903823646949029,0.9386548599185924,1.21988053014995,-0.5084883174212642,0.9799236721670513
181_aug1.jpg,0.010726135311200983,4.052967354738545,0.9576728885114831,0.5626944013841827,1.2773361018491585,5.074996774959393,0.038898912213338584,47.87828002913965,187.46015276182007,3.871302670329874,2.411688429421371,1.4854779478548148,-0.41733415250683964,0.9645034741268628
181_aug2.jpg,0.016359885339729877,1.2412693399470318,0.9873073887280797,0.6701543088566968,0.7524487292041613,4.5905392903056566,0.059512342156475426,48.90693233073537,194.38645998299444,3.852080320162117,0.6547603349988864,1.0836739802715991,-0.5566313806332196,0.9847052587229155
182.jpg,0.007234946564345954,4.624343051897376,0.973109697983418,0.46843551183438703,1.5472956906643254,5.335995120439431,0.02091879973382388,86.00092679677056,339.3793641351848,3.98362355245578,2.2178885025497674,1.5998497495134478,-0.39483070881489335,0.9628707951881046
182_aug1.jpg,0.007163004538214334,4.675904278066948,0.9723924970606082,0.4673193882749369,1.5553614869455243,5.342276454125804,0.022098943744164337,84.70317009765185,334.1367761125404,3.9807787519470983,2.2438706462677227,1.6051741064310834,-0.39235400311037144,0.9621874660211377
182_aug2.jpg,0.007139915875251103,4.701903429282161,0.9723607736835731,0.4654605345979156,1.5615893745557925,5.342065280543739,0.021501332187103695,85.07741395871122,335.6077524055628,3.983138000510826,2.2492869121604526,1.6051332047248756,-0.39321279612415,0.9624323379002171
183.jpg,0.00739869958903656,2.8197811237873367,0.9904662819058807,0.5574834715332666,1.1640146151761317,5.356045914282365,0.02448315636983946,147.94000958470372,588.9402572150275,4.252182859124423,1.4406442277733351,1.3950807227343245,-0.5008634292166072,0.9855693548029968
183_aug1.jpg,0.007015799704741016,2.2049168133839387,0.992470924506315,0.5857448048933254,1.0370619465850737,5.313563914141668,0.02033682840496678,146.5248883104681,583.8946364284884,4.312346267847063,1.1047440238402506,1.3025996042503396,-0.537022140414236,0.9894922770952951
183_aug2.jpg,0.007093617325879339,2.1622050083972333,0.9926784874589512,0.5916762296564791,1.0205417452958905,5.305715890278281,0.021479998187165086,147.75955492468094,588.8760146903264,4.3189519747120455,1.0940793092890433,1.2957803922557085,-0.5422602169726488,0.9899291508103771
184.jpg,0.00927317490326943,2.855002542713217,0.9863123747759522,0.5579867026770551,1.1684286687095677,5.16879863212616,0.03205013619339462,104.32231841710994,414.4342711257265,4.0653678383797285,1.4670541113940088,1.4036749544063876,-0.4759370538333728,0.9794917041515633
184_aug1.jpg,0.012904078997516374,1.990431872359212,0.9902054492705015,0.6221499318204139,0.9401680385362651,4.91306209095308,0.045627452031392915,101.63701967739459,404.5576468372191,4.009266327538345,1.0783366439863986,1.254391417749184,-0.5274415931729001,0.9844135927237598
184_aug2.jpg,0.009007187698239752,2.883341790855836,0.9865971986720197,0.5560762117696361,1.1761194485913586,5.191081638918936,0.030157097116366778,107.59904824958333,427.51285120747747,4.079913523776944,1.4781679029868298,1.4089796221301158,-0.4761341573098764,0.9798224610426317
185.jpg,0.0035955293514092026,16.609260793355794,0.9674107112524081,0.3986393209466884,2.547271147813078,6.28883415103223,0.016546204773870546,254.8512037796791,1002.7955543253607,4.515500013241484,10.02565771619456,2.0524688010594168,-0.36298863906822426,0.9679867945874405
185_aug1.jpg,0.0026820355310660697,48.20090021886055,0.9046497910872845,0.35272777568647695,4.011382304082762,6.627681207134438,0.010616453884227297,252.7882066460436,957.4860823549479,4.525748193194433,32.063939875052235,2.411304368107843,-0.2845325203864478,0.9422328438550589
185_aug2.jpg,0.005252497211224829,16.15406396464359,0.9613985395411678,0.45240856340677704,2.2178972125336243,6.041156043465433,0.03665521134664125,209.40699707366292,770.454490611869,4.365875727874176,11.126780828081962,1.9292140544740124,-0.3973239999699693,0.9736750211313852
186.jpg,0.007808063518087133,2.7935943488390285,0.977220799675157,0.5315115693910337,1.212861446755225,5.164566550819764,0.017981197000313625,61.34323074622717,242.57932863606968,3.992236122111403,1.2990812000612761,1.3939134355103602,-0.44217727876957164,0.9722779508353234
186_aug1.jpg,0.011206370569456416,1.605086810840739,0.9841085215259788,0.6149624703966378,0.9019445300823328,4.802038307773009,0.027646985610828182,50.52658515692536,200.50125381686073,3.896264452838988,0.772909614247789,1.1783358667692232,-0.5065438426449573,0.9799134070545659
186_aug2.jpg,0.007421266502248831,3.0707138218170194,0.9750085300300124,0.5164134959167265,1.2773321295328093,5.215154699822659,0.016736322312512007,61.4570507335746,242.75748911248138,3.9942103053527447,1.414930750083034,1.433064814266726,-0.4285899649741956,0.9697650645239193
187.jpg,0.01169692116718225,3.4392648913941204,0.99162032077057,0.5858521699297434,1.1531811666056355,5.229903341030129,0.05046277637986922,205.4071357669,818.1892781762059,4.204937927772001,2.078845379257926,1.4185862885950205,-0.5178118033668238,0.9865419756042317
187_aug1.jpg,0.013565644732823273,2.5429302040565105,0.9938318009992541,0.617584554237499,1.0136732743027361,5.104046481325065,0.06527181435625597,206.35758578119115,822.8874129207081,4.192537225290181,1.4787619476683238,1.3310264339857096,-0.5502497541185201,0.9890556320202242
187_aug2.jpg,0.011691634141198521,3.4392930253227263,0.9916200997225645,0.5859282741540759,1.1530393634543912,5.230001110305539,0.050392053108909915,205.4033975013846,818.1742969802157,4.2049945201023,2.0792505659069653,1.4186169860067583,-0.5177953236085246,0.986541490681631
188.jpg,0.010993746491473385,2.7216371073966874,0.971345916525527,0.5739103082479045,1.1241418729705697,4.959686093040451,0.03703837523858308,47.48943422771691,187.23609980347098,3.887579813761998,1.4421919345064578,1.3942049462916728,-0.45790622897465205,0.9728619733562321
188_aug1.jpg,0.014500606522784776,2.8225137523381614,0.9522711748080745,0.5662448542094122,1.1513568727393408,4.745535548515494,0.05193651784877229,29.564607128314158,115.43591476091846,3.6448166267681334,1.4819687394375858,1.409377361744101,-0.40563587270478496,0.9534876540309538
188_aug2.jpg,0.008620977352655202,4.968680847897707,0.9481306469509403,0.5152217012122857,1.465757367744478,5.243308211727227,0.02961606704724396,47.89515254309343,186.61192932447602,3.9011643302104115,2.8088898620242144,1.5997924451578103,-0.37934194574431573,0.9556866429087663
189.jpg,0.011779445059032114,6.364077317565394,0.9847700713984984,0.5150329919006573,1.5488887737081045,5.308945662330762,0.04558213325210393,209.21529935410712,830.497120098863,4.057577521869294,3.899643957583098,1.628694050632026,-0.43483113646336163,0.9724685214722387
189_aug1.jpg,0.006871704709175469,62.8762535987728,0.8692142452390466,0.4043895606567945,4.345358744658326,5.951571297442822,0.033050080519730775,240.39847926569098,898.7176634639911,4.281274759699103,43.969949908573554,2.2994768113101136,-0.3373219010621944,0.953758382562118
189_aug2.jpg,0.0075319817111962955,30.907369230980848,0.9278185546133555,0.41727607942425254,3.102893391592146,5.830607970856553,0.03117070258567177,214.14995631379432,825.6924560241965,4.183061752974835,21.24354917453327,2.1067728209901446,-0.33540243588274066,0.9503636146443734
190.jpg,0.034523492072302334,1.1853041523331576,0.9456776700612478,0.693028319600428,0.7033917022660945,3.888794871837872,0.08427058524461059,10.90688646906969,42.4422417239456,3.1750057135621783,0.679209045303369,1.0695327262292518,-0.45053531283447995,0.9449133083193434
190_aug1.jpg,0.039770976844193395,3.802978534638164,0.9741964646534367,0.7429477074769691,0.688553067439336,3.77096638425715,0.08741024003214651,73.9252581187983,291.898053940555,3.213209208455437,3.3095675184491924,0.9935412437693881,-0.5328890042206776,0.9659323135493886
190_aug2.jpg,0.03258016256366596,1.3277763128772766,0.9395432941608611,0.6760185835824736,0.7537109408805177,3.948162149858649,0.08049599076690454,10.978252816084147,42.5852349514593,3.1800461907304585,0.7476621266939588,1.111621275179046,-0.4291112888142139,0.938690721327101
191.jpg,0.013369224777360595,2.714892911376557,0.9590176363179954,0.5782729260045201,1.1075796822084567,4.815108282417349,0.03702316533292139,33.11107199206465,129.72939505688205,3.7486644270553007,1.4754025002406084,1.375655603824296,-0.4308219805029281,0.9632368743522113
191_aug1.jpg,0.01268546825225104,2.828213509322299,0.9603010771360855,0.57318465358708,1.1305357943856604,4.867367924936821,0.034718695860663965,35.607956734422984,139.60361342836964,3.7828865317130322,1.5363721923711544,1.3910222795322416,-0.4312206482836384,0.9643897118887923
191_aug2.jpg,0.018280297640558496,5.384718074369058,0.9776096810168614,0.6574938796854757,0.962757935150656,4.593485991696608,0.0646605967138403,120.43024538647873,154.15473901630898,3.5727263977841734,4.440500527098908,1.240940071915613,-0.5227477943021417,0.9800168801393537
192.jpg,0.009913499552674931,4.723630060478984,0.9670185521321035,0.5096399947510963,1.4509253635017652,5.111897719589368,0.030419545575338824,71.79935406275031,282.4737861905222,3.8489879482064504,2.5806223207543892,1.5714260885979199,-0.39467532523867643,0.957589083045715
192_aug1.jpg,0.013179387665955491,3.0674754469320415,0.978339416833352,0.5712792115884653,1.1638673082374997,4.865568551008708,0.03845613861222602,70.98072635329899,280.85542996626396,3.8183395520030494,1.682565539449007,1.4141807124210213,-0.45596031613160465,0.9706145432447632
192_aug2.jpg,0.008317585251474302,7.760745909079205,0.9522255974240237,0.48070915291186445,1.7825035351649672,5.354706389813115,0.028540913857131412,81.29884813969258,317.43464664969116,3.929743470432684,4.5615304791534985,1.7507826442618122,-0.3625100835509463,0.9516777944590142
193.jpg,0.004527318119411688,10.269938646402158,0.916333850890829,0.33861607201933475,2.4261608813533435,5.64204207152485,0.013956193276562162,61.46277717163004,235.58117004011797,3.9334136523819705,4.305454399441475,1.9566375201484036,-0.2905057630351834,0.9223574091991522
193_aug1.jpg,0.007236567659166435,6.326771104712282,0.9497006626613694,0.41076270393774805,1.8804995657936834,5.3259430407796815,0.028505073358014534,62.914135141506975,245.3297694613156,3.867940315785556,2.7103802876835443,1.7474224614574911,-0.3486621217984123,0.944626997812914
193_aug2.jpg,0.004718543575273474,11.795416141596977,0.8970480970350471,0.3555200155645893,2.4786444609920952,5.643183629128162,0.013121491579791499,57.37133563309139,217.68992639076862,3.9134471905768358,5.596248700830881,2.006585246104617,-0.2838450068821068,0.9182980219047634
194.jpg,0.010258763509947786,2.545234680573664,0.9792689780560527,0.5846843776150168,1.077527952273715,4.922732357238705,0.03140314487772115,61.48045865073939,243.37659992238392,3.9137065778143523,1.3663452541054995,1.3487298203790077,-0.4811896753038884,0.9771933841772931
194_aug1.jpg,0.009454948347811805,2.761690964402829,0.9774920015129493,0.5643769025520454,1.1430040298684365,4.9868538678008,0.027846884753664418,61.43921683761119,242.99517638604195,3.9175665351172233,1.4356141275676646,1.3835309184148337,-0.4640447267270499,0.9746171077815481
194_aug2.jpg,0.011081259756337697,2.1893050780413525,0.9814703039965836,0.5999824394757345,1.0106135297453345,4.837845516135281,0.030150535939470365,59.23105160536011,234.7349013433991,3.907831986154102,1.141939833207469,1.3049318586849952,-0.5050537795926818,0.980224194250145
195.jpg,0.0077140223430179206,2.816779523418823,0.9877103546365006,0.5398609953736082,1.208908058914782,5.297841442255803,0.030999328467317608,114.65685788712187,455.81065202506863,4.200832515444793,1.3284747917206596,1.4128310351164506,-0.4970906466500858,0.9844571662819481
195_aug1.jpg,0.009917737668689117,1.901656652734239,0.9918045080865228,0.5958376989521198,0.982657655628821,5.09731433483727,0.042581357570953285,116.07877622216867,462.4134482359405,4.189137693756205,0.9111997194338439,1.2564761205155865,-0.5518739984910755,0.9893127262983734
195_aug2.jpg,0.007826390803949526,2.184186723300008,0.990149647683801,0.571309907561654,1.0679294408679585,5.2081621204675725,0.03324690360523338,110.95226806967179,441.62488555538715,4.224277964166563,1.0156055267289843,1.3106503238704323,-0.533752312986506,0.9882600408670479
196.jpg,0.008238029990176698,2.8392115853541764,0.9816625431934086,0.5551087534492409,1.173598334570919,5.207223030167737,0.0275050069789989,77.43151601853012,306.8868524887663,4.088393831455644,1.426579163532295,1.4013462638465255,-0.473518125189284,0.9792042883959752
196_aug1.jpg,0.00602403669556269,5.990708081941802,0.9635351319682095,0.4820127207395178,1.6287166729789455,5.575413215788755,0.022197013035419932,82.15067054414625,322.6119740946432,4.129053604694587,3.314552313447536,1.6684918660612231,-0.38828417529510656,0.9647395471064957
196_aug2.jpg,0.008472888278083044,2.803230737024763,0.9810661969836347,0.5557704969755111,1.1678263488990597,5.173666568724839,0.03138806969204085,74.04367663075513,293.37147578599576,4.0595939670693415,1.404693077219623,1.39532024015203,-0.4708294279695248,0.9782523188100897
197.jpg,0.0062747480569480246,4.608073853250913,0.9634872099457685,0.4847571524326668,1.4969169894214542,5.457390204914273,0.016908549641961382,63.10255211380934,247.80213460198644,4.113997123130616,2.3401402833124205,1.5816332136867595,-0.41207355442442056,0.9695281224983774
197_aug1.jpg,0.00549568993199698,30.45416099023923,0.8814706449232597,0.4412867416444116,2.967111482451319,5.948661529635852,0.03990250506083938,128.51872512653983,307.2077927299063,4.098628662423565,21.628488575091353,2.086124288526439,-0.3499801138672039,0.9585226618255193
197_aug2.jpg,0.024186912475517162,8.830296287466421,0.9751605235441998,0.590902669707013,1.2945436253433056,4.928040764062745,0.13299002357884443,177.8968437702842,247.8502029128611,3.582427647728673,7.134326429006796,1.4693340209046841,-0.49027803591699104,0.9790990472733248
198.jpg,0.021034616810611605,3.4197827891840498,0.9718038862974764,0.5885636296029146,1.1548323731201882,4.736386374967603,0.06756783910145255,60.60820892241803,239.01305290048805,3.6921100564072127,2.0583570324680167,1.4253401206316099,-0.4348441835928862,0.9622771378574313
198_aug1.jpg,0.011353786444864447,39.50012851100247,0.722035564754238,0.44058349693383503,3.5937415070917167,5.392734324699088,0.04253160079004977,71.05197692719767,244.70777919778823,3.891373780655641,26.581196060113925,2.159216247161249,-0.332529706029198,0.9397255226257795
198_aug2.jpg,0.02027842718628447,3.6044306226764213,0.9702928866237774,0.5768200902981804,1.200536458173013,4.771390747592379,0.06707274362736548,60.63259852926291,238.9259634943752,3.6930401522151093,2.135432558220393,1.4544425441906408,-0.42408555117422747,0.9598160659921736
199.jpg,0.008058384950647219,8.839311318197092,0.9564474774777997,0.4075799714476337,2.1141363388165932,5.338704934025207,0.027523454682917888,101.87507813956921,398.6610012400798,3.948481584480497,4.272804005461562,1.8747299760581515,-0.3763650421712411,0.9561409836736363
199_aug1.jpg,0.009941596180611127,6.930982831321233,0.9661600785304102,0.44341463187922947,1.86679398429482,5.2203144817897345,0.046363324083076765,102.85488125772854,404.48854219959287,3.9517164790915826,3.3380553779271485,1.7674793219887546,-0.4129170523726635,0.9651714484142617
199_aug2.jpg,0.007252299899147322,14.62904013356855,0.9259613390313428,0.3833550486184196,2.5255545786748534,5.4849305641899235,0.028531519199046923,99.01370563162695,381.42578239293925,3.965019818882913,8.176810268841912,2.035408146891884,-0.3461185102231314,0.9476613079455272
200.jpg,0.005645222893965852,21.084205408118454,0.8631328862652247,0.2920050570667026,3.349273009599097,5.702329120519501,0.022402597402597403,77.05989585449413,287.1553780098581,3.9294273434917555,9.644031166637422,2.2649298910792615,-0.2730741933122149,0.9123586674919344
200_aug1.jpg,0.009772233631470303,11.028922456939698,0.92373799490159,0.38465090219367826,2.340980635808222,5.332865428122281,0.032607391874633254,72.26400690376707,278.0271051581286,3.81880437820291,5.412704332877296,1.9640715345438082,-0.322715894661714,0.9324278943489174
200_aug2.jpg,0.012298443068447127,9.970872018162101,0.9311926367498691,0.41286186208980113,2.1829734514773653,5.18212767744483,0.04783710863377609,72.371536122089,279.5152724701939,3.773345698612363,5.061353402385057,1.9100444946632744,-0.3414271499616204,0.9376569503504399
